Client ID,Date,Time,Temparature,Pressure,Humidity,Wind Speed,Wind Direction,Rain
10101,2016-10-13,12:48:16,2747,91061,4265,1,150,111111
10101,2016-10-13,12:54:56,2747,91035,4275,7.14,40,111111
10101,2016-10-13,12:57:16,2747,91044,4258,8.83,335,111111
10101,2016-10-13,12:59:26,2747,91040,7253,9.38,330,111111
10101,2016-10-13,13:06:16,2747,91022,4252,6.24,185,111111
10101,2016-10-13,13:13:06,2747,91009,4191,7.07,100,111111
10101,2016-10-13,13:15:17,2747,91012,4091,5.83,120,111111
10101,2016-10-13,13:22:17,2747,91004,4077,5.56,130,111111
10101,2016-10-13,13:24:17,2747,91010,4084,8.6,305,111111
10101,2016-10-13,13:26:37,2747,91013,4040,9.27,285,111111
10101,2016-10-13,13:28:57,2747,91005,4057,8.83,350,111111
10101,2016-10-13,13:33:17,2747,90987,4104,7.07,85,111111
10101,2016-10-13,13:31:07,2747,90992,4091,3.74,120,111111
10101,2016-10-13,13:35:47,2747,90979,4138,8.42,215,111111
10101,2016-10-13,13:37:47,2747,90967,4138,4.69,215,111111
10101,2016-10-13,13:40:07,2747,90978,4128,9.32,325,111111
10101,2016-10-13,13:42:37,2747,90970,4131,6.85,40,111111
10101,2016-10-13,13:44:37,2747,90961,4111,5.83,260,111111
10101,2016-10-13,13:46:57,2747,90966,4097,7.74,270,111111
10101,2016-10-13,13:49:17,2747,90961,4104,9.89,85,111111
10101,2016-10-13,13:53:37,2747,90951,4124,2.23,225,111111
10101,2016-10-13,13:51:27,2747,90961,4111,3.46,260,111111
10101,2016-10-13,13:56:07,2747,90956,4121,2,150,111111
10101,2016-10-13,13:58:07,2747,90947,4144,5.91,5,111111
10101,2016-10-13,14:00:27,2747,90953,4158,7.28,355,111111
10101,2016-10-13,14:02:47,2640,90940,4161,9.48,225,111111
10101,2016-10-13,14:04:57,2747,90932,4161,7.07,70,111111
10101,2016-10-13,14:07:07,2747,90943,4131,6.92,40,111111
10101,2016-10-13,14:09:37,2747,90924,4064,5.91,165,111111
10101,2016-10-13,14:13:57,2747,90910,4053,9.69,250,111111
10101,2016-10-13,14:11:37,2747,90923,4037,7.34,210,111111
10101,2016-10-13,14:16:28,2747,90920,4077,4.12,130,111111
10101,2016-10-13,14:20:48,2747,90921,4111,4.47,260,111111
10101,2016-10-13,14:18:28,2747,90919,4087,7.14,20,111111
10101,2016-10-13,14:25:18,2747,90907,4097,7.87,270,111111
10101,2016-10-13,14:27:28,2747,90908,4131,7.21,40,111111
10101,2016-10-13,14:31:58,2747,90902,4148,8.42,105,111111
10101,2016-10-13,11:01:00,2600,90020,5157,4.24,205,111111
10101,2016-10-13,17:37:50,2747,90886,5157,5,130,111111
10101,2016-10-13,17:41:50,2747,90888,5157,9.21,130,111111
10101,2016-10-13,17:39:50,2747,90890,5157,4.89,130,111111
10101,2016-10-13,17:43:51,2747,90891,5157,8.94,130,111111
10101,2016-10-13,17:45:51,2747,90891,5157,4.79,130,111111
10101,2016-10-13,17:47:51,2747,90900,5157,8.88,130,111111
10101,2016-10-13,17:51:51,2747,90904,5157,9,130,111111
10101,2016-10-13,17:53:51,2747,90919,5157,9.53,130,111111
10101,2016-10-13,18:20:04,2747,90931,5157,5.65,130,111111
10101,2016-10-13,18:22:04,2747,90940,5157,9.79,130,111111
10101,2016-10-13,18:24:04,2747,90950,5157,4.79,130,111111
10101,2016-10-13,18:26:04,2747,90960,5157,6.55,130,111111
10101,2016-10-13,18:28:04,2747,90959,5157,8.77,130,111111
10101,2016-10-13,18:32:04,2747,90959,5157,2.64,130,111111
10101,2016-10-13,18:30:04,2747,90952,5157,7.74,130,111111
10101,2016-10-18,12:19:35,2582,91012,4295,8.6,345,111111
10101,2016-10-18,12:24:35,2587,91003,4272,6.4,5,111111
10101,2016-10-18,12:29:36,2575,90993,4295,6.4,160,111111
10101,2016-10-18,12:34:36,2582,90983,4272,2.82,130,111111
10101,2016-10-18,12:39:36,2594,90974,4195,6.08,65,111111
10101,2016-10-18,12:44:36,2584,90959,4232,8.06,160,111111
10101,2016-10-18,12:49:36,2599,90945,4141,9.89,30,111111
10101,2016-10-18,14:40:00,2623,90708,3817,7.81,330,111111
10101,2016-10-18,15:03:04,2628,90778,3884,7,80,111111
10101,2016-10-18,15:08:04,2625,90757,3850,7.21,25,111111
10101,2016-10-18,15:33:32,2623,90756,3880,8.48,105,111111
10101,2016-10-18,15:38:32,2631,90744,3867,7.21,300,111111
10101,2016-10-18,15:43:32,2629,90747,3897,7.54,20,111111
10101,2016-10-18,16:13:34,2642,90756,3942,1,100,111111
10101,2016-10-18,16:18:34,2633,90750,3962,9,105,111111
10101,2016-10-18,16:23:34,2639,90762,3962,3.16,315,111111
10101,2016-10-18,16:40:10,2601,90700,20,8.3,275,111111
10101,2016-10-18,17:02:10,2747,90789,3996,1.73,265,111111
10101,2016-10-18,17:07:10,2747,90791,3962,6.7,135,111111
10101,2016-10-18,17:19:37,2640,90802,4023,2.23,15,111111
10101,2016-10-18,17:24:37,2633,90799,4003,8.88,50,111111
10101,2016-10-18,17:29:37,2628,90820,4009,4.79,325,111111
10101,2016-10-18,17:34:37,2631,90808,3993,6.78,210,111111
10101,2016-10-18,17:39:37,2633,90819,3969,2.64,280,111111
10101,2016-10-18,17:44:37,2747,90827,3880,5.74,245,111111
10101,2016-10-18,17:49:37,2747,90822,3798,9.27,355,111111
10101,2016-10-18,17:54:37,2636,90845,3812,8.94,240,111111
10101,2016-10-18,17:59:38,2640,90850,3757,7.14,205,111111
10101,2016-10-18,18:04:38,2747,90862,3778,5.83,215,111111
10101,2016-10-18,18:09:38,2633,90860,3846,2,85,111111
10101,2016-10-18,18:14:38,2747,90861,3792,9.59,205,111111
10101,2016-10-18,18:19:38,2747,90856,3874,9.79,95,111111
10101,2016-10-18,18:42:00,2747,90904,3993,7.74,190,111111
10101,2016-10-18,18:47:01,2747,90912,3948,7.07,145,111111
10101,2016-10-18,18:52:01,2747,90918,4009,3.74,230,111111
10101,2016-10-18,18:57:01,2747,90918,3996,3.87,265,111111
10101,2016-10-18,19:02:01,2747,90937,3874,5.38,95,111111
10101,2016-10-18,19:07:01,2747,90937,3989,1.73,90,111111
10101,2016-10-18,19:12:01,2747,90952,4030,1,35,111111
10101,2016-10-18,19:17:01,2747,90960,4023,9.89,220,111111
10101,2016-10-18,19:22:01,2747,90958,4040,5.74,285,111111
10101,2016-10-18,19:27:01,2747,90975,3918,8.48,115,111111
10101,2016-10-18,19:32:01,2747,90986,3914,6.7,15,111111
10101,2016-10-18,19:37:01,2747,91003,3911,7.21,300,111111
10101,2016-10-18,19:42:01,2747,90998,3908,1.73,225,111111
10101,2016-10-18,20:14:29,2777,91056,3495,1.41,310,111111
10101,2016-10-18,20:19:30,2785,91066,3450,7.61,65,111111
10101,2016-10-18,20:24:30,2785,91061,3450,4.79,65,111111
10101,2016-10-18,20:29:30,2787,91080,3450,2.64,15,111111
10101,2016-10-18,20:34:30,2787,91081,3450,5.56,15,111111
10101,2016-10-18,20:39:30,2790,91089,3450,8.88,300,111111
10101,2016-10-18,20:44:30,2788,91092,3450,9.21,350,111111
10101,2016-10-18,20:49:30,2791,91100,3450,3,275,111111
10101,2016-10-18,20:54:30,2791,91103,3450,3.74,275,111111
10101,2016-10-18,20:59:30,2788,91103,3450,9.16,350,111111
10101,2016-10-18,21:04:30,2788,91095,3450,7.14,350,111111
10101,2016-10-18,21:09:30,2789,91114,3450,4.79,325,111111
10101,2016-10-18,21:14:30,2787,91118,3450,7.34,15,111111
10101,2016-10-25,03:21:14,2781,91213,3450,8.42,165,111111
10101,2016-10-25,03:25:14,2787,91207,3450,3.16,15,111111
10101,2016-10-25,03:27:14,2791,91203,3450,4.69,275,111111
10101,2016-10-25,03:05:48,2792,78597,3450,5.65,250,111111
10101,2016-10-25,03:09:48,2797,91216,3450,6.63,125,111111
10101,2016-10-25,03:13:48,2799,91216,3450,3,75,111111
10101,2016-10-25,03:21:48,2798,91209,3450,8.42,100,111111
10101,2016-10-25,03:17:48,2798,91213,3450,8.48,100,111111
10101,2016-10-25,03:25:48,2791,91209,3450,5.29,275,111111
10101,2016-10-25,03:29:48,2793,91219,3450,3,225,111111
10101,2016-10-25,03:33:48,2798,91203,3450,3,100,111111
10101,2016-10-25,03:45:48,2805,91199,3450,4.58,285,111111
10101,2016-10-25,03:41:48,2804,91197,3450,6.78,310,111111
10101,2016-10-25,03:53:49,2804,91193,3450,9.53,310,111111
10101,2016-10-25,03:57:49,2805,91198,3450,5.83,285,111111
10101,2016-10-25,04:05:49,2804,91193,3450,9.27,310,111111
10101,2016-10-25,04:01:49,2804,91183,3450,6.92,310,111111
10101,2016-10-25,04:09:49,2804,91184,3450,6.24,310,111111
10101,2016-10-25,04:13:49,2802,91178,3450,8.88,0,111111
10101,2016-10-25,04:17:49,2802,91183,3450,9.21,0,111111
10101,2016-10-25,04:25:49,2801,91172,3450,6.63,25,111111
10101,2016-10-25,04:29:49,2800,91170,3450,9.84,50,111111
10101,2016-10-25,04:33:49,2800,91172,3450,9.74,50,111111
10101,2016-10-25,04:37:49,2797,91160,3450,5.38,125,111111
10101,2016-10-25,04:41:49,2798,91170,3450,1.73,100,111111
10101,2016-10-25,04:49:50,2797,91151,3450,3.6,125,111111
10101,2016-10-25,04:45:49,2798,91164,3450,9.21,100,111111
10101,2016-10-25,04:53:50,2797,91157,3450,7.28,125,111111
10101,2016-10-25,04:57:50,2795,91163,3450,8.94,175,111111
10101,2016-10-25,05:01:50,2796,91162,3450,5,150,111111
10101,2016-10-25,05:09:50,2795,91155,3450,4.35,175,111111
10101,2016-10-25,05:13:50,2792,91155,3450,7.74,250,111111
10101,2016-10-25,05:21:50,2792,91132,3450,9.43,250,111111
10101,2016-10-25,05:25:50,2790,91146,3450,7.93,300,111111
10101,2016-10-25,05:33:50,2790,91150,3450,5.29,300,111111
10101,2016-10-25,05:29:50,2789,91133,3450,9.94,325,111111
10101,2016-10-25,10:05:09,2747,91287,3578,1,255,111111
10101,2016-10-25,10:09:09,2747,91288,3488,5.19,165,111111
10101,2016-10-25,10:13:09,2747,91284,3450,9.43,295,111111
10101,2016-10-25,10:21:10,2747,91280,3450,4.58,295,111111
10101,2016-10-25,10:17:09,2747,91282,3450,4.58,295,111111
10101,2016-10-25,10:25:10,2747,91277,3450,8.3,295,111111
10101,2016-10-25,10:33:10,2747,91271,3450,8.42,295,111111
10101,2016-10-25,10:29:10,2747,91267,3450,7.81,295,111111
10101,2016-10-25,14:59:05,2776,90826,3450,1.73,290,111111
10101,2016-10-25,15:03:05,2780,90833,3450,9.05,190,111111
10101,2016-10-25,15:11:05,2781,90840,3450,2,165,111111
10101,2016-10-25,15:07:05,2781,90837,3450,8.18,165,111111
10101,2016-10-25,15:00:00,2780,90801,3450,8.54,190,111111
10101,2016-10-25,15:00:01,2780,90840,3450,1,190,111111
10101,2016-10-25,15:02:00,2781,90811,3450,7.93,165,111111
10101,2016-10-25,15:10:01,2780,90840,3450,6,190,111111
10101,2016-10-25,15:38:01,2802,90858,3450,9.38,0,111111
10101,2016-10-25,15:46:01,2800,90871,3450,2.64,50,111111
10101,2016-10-25,15:50:01,2799,90880,3450,3.16,75,111111
10101,2016-10-25,15:58:01,2796,90888,3450,8.36,150,111111
10101,2016-10-25,16:02:01,2800,90893,3450,9.74,50,111111
10101,2016-10-25,16:10:01,2800,90898,3450,7.74,50,111111
10101,2016-10-25,16:06:01,2806,90904,3450,2.44,260,111111
10101,2016-10-25,16:14:01,2804,90904,3450,7.61,310,111111
10101,2016-10-25,16:18:01,2803,90900,3450,2.44,335,111111
10101,2016-10-25,16:22:01,2796,90906,3450,5.47,150,111111
10101,2016-10-26,00:51:41,2749,91057,3450,0,0,111111
10101,2016-10-26,01:37:09,2747,90991,3450,0,0,111111
10101,2016-10-26,01:41:09,2747,90982,3450,0,0,111111
10101,2016-10-26,01:45:09,2747,90979,3450,0,0,111111
10101,2016-10-26,01:49:09,2747,90994,3450,0,0,111111
10101,2016-10-26,01:53:09,2747,90990,3450,0,0,111111
10101,2016-10-26,01:57:09,2747,90991,3450,0,0,111111
10101,2016-10-26,02:01:09,2747,90983,3450,0,0,111111
10101,2016-10-26,02:09:10,2747,90978,3450,0,0,111111
10101,2016-10-26,02:13:10,2747,90980,3450,0,0,111111
10101,2016-10-26,02:21:10,2747,90973,3450,0,0,111111
10101,2016-10-26,02:25:10,2747,90980,3450,0,0,111111
10101,2016-10-26,02:29:10,2747,90976,3450,0,0,111111
10101,2016-10-26,02:33:10,2747,90982,3450,0,0,111111
10101,2016-10-26,02:37:10,2747,90987,3450,0,0,111111
10101,2016-10-26,02:41:10,2747,90984,3450,0,0,111111
10101,2016-10-26,02:45:10,2747,90974,3450,0,0,111111
10101,2016-10-26,02:53:10,2747,90994,3450,0,0,111111
10101,2016-10-26,02:57:10,2747,90985,3450,0,0,111111
10101,2016-10-26,03:01:10,2747,90985,3450,0,0,111111
10101,2016-10-26,03:05:10,2747,91000,3450,0,0,111111
10101,2016-10-26,03:09:11,2747,91003,3450,0,0,111111
10101,2016-10-26,03:13:11,2747,90994,3450,0,0,111111
10101,2016-10-26,03:17:11,2747,90999,3450,0,0,111111
10101,2016-10-26,03:21:11,2747,90997,3450,0,0,111111
10101,2016-10-26,03:25:11,2747,90997,3450,0,0,111111
10101,2016-10-26,03:29:11,2747,91001,3450,0,0,111111
10101,2016-10-26,03:37:11,2747,91025,3450,0,0,111111
10101,2016-10-26,03:41:11,2747,91021,3450,wwww,0,111111
10101,2016-10-26,03:49:11,2747,91029,3450,wwww,0,111111
10101,2016-10-26,03:53:11,2747,91032,3450,wwww,0,111111
10101,2016-10-26,03:24:11,27,910.32,34.5,0,0,
10101,2016-10-26,03:31:21,2747,91032,3450,0,0,111111
10101,2016-10-26,03:32:21,2747,91032,3450,0,0,111111
10101,2016-10-26,03:32:21,2747,91032,3450,0,0,111111
10101,2016-10-26,03:33:21,2747,91032,3450,0,0,111111
10101,2016-10-26,03:34:21,2747,91032,3450,0,0,111111
10101,2016-10-26,03:35:27,2747,91032,3450,0,0,111111
10101,2016-10-26,03:36:30,2747,91032,3450,0,0,111111
10101,2016-10-26,03:37:38,2747,91032,3450,0,0,111111
10101,2016-10-26,03:38:38,2747,91032,3450,0,0,111111
10101,2016-10-26,03:39:38,2747,91032,3450,0,0,111111
10101,2016-10-26,03:40:45,2747,91032,3450,0,0,111111
10101,2016-10-26,03:41:45,2747,91032,3450,0,0,111111
10101,2016-10-26,03:42:48,2747,91032,3450,6,0,111111
10101,2016-10-26,03:43:43,2747,91032,3450,6,0,111111
10101,2016-10-26,03:44:45,2747,91032,3450,6,0,111111
10101,2016-10-26,03:45:46,2747,91032,3450,6,0,111111
10101,2016-10-26,03:46:51,2747,91032,3450,6,0,111111
10101,2016-10-26,03:47:49,2747,91032,3450,6,0,111111
10101,2016-10-26,03:48:42,2747,91032,3450,6,0,111111
10101,2016-10-26,03:49:59,2747,91032,3450,6,0,111111
10101,2016-10-26,03:50:43,2747,91032,3450,6,0,111111
10101,2016-10-26,03:51:48,2747,91032,3450,6,0,111111
10101,2016-10-26,03:52:52,2747,91032,3450,6,0,111111
10101,2016-10-26,03:53:50,2747,91032,3450,6,0,111111
10101,2016-10-26,03:54:43,2747,91032,3450,6,0,111111
10101,2016-10-26,03:55:51,2747,91032,3450,6,0,111111
10101,2016-10-26,03:56:44,2747,91032,3450,6,0,111111
10101,2016-10-26,03:57:53,2747,91032,3450,6,0,111111
10101,2016-10-26,03:58:45,2747,91032,3450,6,0,111111
10101,2016-10-26,03:59:57,2747,91032,3450,6,0,111111
10101,2016-10-26,04:01:38,2747,91032,3450,5,15.1,111111
10101,2016-10-26,04:02:58,2747,91032,3450,5,15.1,111111
10101,2016-10-26,04:03:38,2747,91032,3450,5,15.1,111111
10101,2016-10-26,04:04:48,2747,91032,3450,5,15.1,111111
10101,2016-10-26,04:05:38,2747,91032,3450,5,15.1,111111
10101,2016-10-26,04:06:40,27,91032,3450,5,15.1,111111
10101,2016-10-26,04:07:35,27,91032,3450,5,15.1,111111
10101,2016-10-26,04:08:37,27,91032,3450,5,15.1,111111
10101,2016-10-26,04:09:39,27,91032,3450,5,15.1,111111
10101,2016-10-26,04:10:33,27,91032,3450,5,15.1,111111
10101,2016-10-26,04:11:38,27,91032,3450,5,15.1,111111
10101,2016-10-26,04:12:35,27,91032,3450,5,15.1,111111
10101,2016-10-26,04:13:46,27,91032,3450,5,15.1,111111
10101,2016-10-26,04:14:41,27,91032,3450,5,15.1,111111
10101,2016-10-26,04:15:49,27,91032,3450,5,15.1,111111
10101,2016-10-26,04:16:37,27,91032,3450,5,15.1,111111
10101,2016-10-26,04:17:39,27,91032,3450,5,15.1,111111
10101,2016-10-26,04:18:45,27,91032,3450,5,15.1,111111
10101,2016-10-26,04:19:31,27,91032,3450,5,15.1,111111
10101,2016-10-26,04:20:38,27,91032,3450,5,15.1,111111
10101,2016-10-26,04:21:36,27,91032,3450,5,15.1,111111
10101,2016-10-26,04:22:37,27,91032,3450,5,15.1,111111
10101,2016-10-26,04:23:50,27,91032,3450,5,15.1,111111
10101,2016-10-26,04:24:37,27,91032,3450,5,15.1,111111
10101,2016-10-26,04:25:31,27,91032,3450,5,15.1,111111
10101,2016-10-26,04:26:43,27,91032,3450,5,15.1,111111
10101,2016-10-26,04:27:31,27,91032,3450,5,15.1,111111
10101,2016-10-26,04:28:43,27,91032,3450,5,15.1,111111
10101,2016-10-26,04:29:34,27,91032,3450,5,15.1,111111
10101,2016-10-26,04:31:31,27,91032,3450,5,15.1,111111
10101,2016-10-26,04:33:25,27,91032,3450,5,15.1,111111
10101,2016-10-26,04:34:33,27,91032,3450,5,15.1,111111
10101,2016-10-26,04:35:26,27,91032,3450,5,15.1,111111
10101,2016-10-26,04:36:31,27,91032,3450,5,15.1,111111
10101,2016-10-26,04:37:37,27,91032,3450,5,15.1,111111
10101,2016-10-26,04:38:31,27,91032,3450,5,15.1,111111
10101,2016-10-26,04:39:36,27,91032,3450,5,15.1,111111
10101,2016-10-26,04:40:25,27,91032,3450,5,15.1,111111
10101,2016-10-26,04:41:34,27,91032,3450,5,15.1,111111
10101,2016-10-26,04:42:24,27,91032,3450,5,15.1,111111
10101,2016-10-26,04:43:40,27,91032,3450,5,15.1,111111
10101,2016-10-26,04:44:29,27,91032,3450,5,15.1,111111
10101,2016-10-26,04:45:33,27,91032,3450,5,15.1,111111
10101,2016-10-26,04:46:29,27,91032,3450,5,15.1,111111
10101,2016-10-26,04:47:20,27,91032,3450,5,15.1,111111
10101,2016-10-26,04:48:33,27,91032,3450,5,15.1,111111
10101,2016-10-26,04:49:31,27,91032,3450,5,15.1,111111
10101,2016-10-26,04:50:40,27,91032,3450,5,15.1,111111
10101,2016-10-26,04:51:25,27,91032,3450,5,15.1,111111
10101,2016-10-26,04:52:35,27,91032,3450,5,15.1,111111
10101,2016-11-02,16:47:48,2747,91048,4628,0,-2,111111
10101,2016-11-02,16:48:54,2747,91046,4602,0,63,111111
10101,2016-11-02,16:53:20,2747,91049,4598,0,-1,111111
10101,2016-11-02,16:55:25,2747,91053,4591,0,53,111111
10101,2016-11-02,16:56:34,2747,91046,4591,0,53,111111
10101,2016-11-02,16:58:02,2747,91040,4595,0,52,111111
10101,2016-11-02,16:59:05,2747,91061,4605,0,52,111111
10101,2016-11-02,17:00:07,2747,91048,4605,0,53,111111
10101,2016-11-02,17:01:09,2747,91051,4605,0,-2,111111
10101,2016-11-02,17:02:12,2747,91054,4615,0,-1,111111
10101,2016-11-02,17:03:14,2747,91051,4608,0,-1,111111
10101,2016-11-02,17:04:17,2747,91051,4608,0,48,111111
10101,2016-11-02,17:05:20,2747,91049,4615,0,-1,111111
10101,2016-11-02,17:06:22,2747,91049,4612,0,-2,111111
10101,2016-11-02,17:06:52,2747,91046,4612,0,0,111111
10101,2016-11-02,17:07:58,2747,91048,4612,0,-2,111111
10101,2016-11-02,17:08:28,2747,91054,4612,0,-1,111111
10101,2016-11-02,17:09:06,2747,91059,4615,0,-2,111111
10101,2016-11-02,17:09:36,2747,91056,4618,0,-3,111111
10101,2016-11-02,17:10:12,2747,91055,4615,0,53,111111
10101,2016-11-02,17:10:42,2747,91046,4618,0,53,111111
10101,2016-11-02,17:11:18,2747,91052,4615,0,-2,111111
10101,2016-11-02,17:11:48,2747,91059,4622,0,-1,111111
10101,2016-11-02,17:12:23,2747,91062,4622,0,-1,111111
10101,2016-11-02,17:12:53,2747,91059,4622,0,-1,111111
10101,2016-11-02,17:13:29,2747,91052,4625,0,0,111111
10101,2016-11-02,17:13:59,2747,91067,4625,0,46,111111
10101,2016-11-02,17:14:35,2747,91062,4632,0,46,111111
10101,2016-11-02,17:15:05,2747,91061,4648,0,-1,111111
10101,2016-11-02,17:16:11,2747,91065,4662,0,-1,111111
10101,2016-11-02,17:16:49,2747,91062,4665,0,-1,111111
10101,2016-11-02,17:17:19,2747,91069,4672,0,70,111111
10101,2016-11-02,17:18:54,2747,91069,4648,0,67,111111
10101,2016-11-02,17:20:04,2747,91064,4658,0,0,111111
10101,2016-11-02,17:21:08,2747,91063,4638,0,-1,111111
10101,2016-11-02,17:22:11,2747,91075,4635,0,-1,111111
10101,2016-11-02,17:23:14,2747,91068,4628,0,-3,111111
10101,2016-11-02,17:24:17,2747,91069,4625,0,-1,111111
10101,2016-11-02,17:25:20,2747,91062,4618,0,64,111111
10101,2016-11-02,17:26:22,2747,91064,4622,0,65,111111
10101,2016-11-02,17:27:25,2747,91075,4618,0,64,111111
10101,2016-11-02,17:28:28,2747,91078,4618,0,-3,111111
10101,2016-11-02,17:29:30,2747,91074,4618,0,-3,111111
10101,2016-11-02,17:30:00,2747,91074,4618,0,-2,111111
10101,2016-11-02,17:30:39,2747,91075,4615,0,-3,111111
10101,2016-11-02,17:31:09,2747,91077,4615,0,64,111111
10101,2016-11-02,17:31:44,2747,91078,4615,0,-3,111111
10101,2016-11-02,17:32:14,2747,91085,4622,0,65,111111
10101,2016-11-02,17:32:50,2747,91078,4622,0,65,111111
10101,2016-11-02,17:33:20,2747,91067,4618,0,-2,111111
10101,2016-11-02,17:33:55,2747,91074,4625,0,-3,111111
10101,2016-11-02,17:34:25,2747,91074,4625,0,-3,111111
10101,2016-11-02,17:35:02,2747,91081,4638,0,-2,111111
10101,2016-11-02,17:35:32,2747,91083,4628,0,-2,111111
10101,2016-11-02,17:36:09,2747,91075,4625,0,-2,111111
10101,2016-11-02,17:37:16,2747,91074,4638,0,-2,111111
10101,2016-11-02,17:37:46,2747,91077,4632,0,-2,111111
10101,2016-11-02,17:38:22,2747,91085,4632,0,-1,111111
10101,2016-11-02,17:38:52,2747,91075,4632,0,-1,111111
10101,2016-11-02,17:39:28,2747,91075,4632,0,-2,111111
10101,2016-11-02,17:39:58,2747,91081,4632,0,-3,111111
10101,2016-11-02,17:41:33,2747,91082,4638,0,-3,111111
10101,2016-11-02,17:42:43,2747,91080,4638,0,65,111111
10101,2016-11-02,17:43:45,2747,91081,4635,0,-1,111111
10101,2016-11-02,17:44:47,2747,91081,4632,0,-1,111111
10101,2016-11-02,17:45:49,2747,91096,4645,0,-1,111111
10101,2016-11-02,17:44:47,2747,91081,4632,0,-1,111111
10101,2016-11-02,17:45:49,2747,91096,4645,0,-1,111111
10101,2016-11-02,17:46:52,2747,91091,4638,0,-1,111111
10101,2016-11-02,17:47:54,2747,91078,4638,0,-2,111111
10101,2016-11-02,17:48:57,2747,91094,4632,0,-2,111111
10101,2016-11-02,17:49:59,2747,91100,4638,0,-2,111111
10101,2016-11-02,17:51:03,2747,91096,4635,0,-2,111111
10101,2016-11-02,17:52:36,2747,91098,4652,0,-1,111111
10101,2016-11-02,17:53:14,2747,91109,4652,0,69,111111
10101,2016-11-02,17:53:44,2747,91100,4658,0,69,111111
10101,2016-11-02,17:54:22,2747,91095,4669,0,0,111111
10101,2016-11-02,17:54:52,2747,91103,4699,0,68,111111
10101,2016-11-02,17:55:27,2747,91109,5657,0,0,111111
10101,2016-11-02,17:56:34,2747,91102,5657,0,-2,111111
10101,2016-11-02,17:57:04,2747,91108,5657,0,68,111111
10101,2016-11-02,17:57:40,2747,91115,5657,0,68,111111
10101,2016-11-02,17:58:46,2747,91108,5657,0,0,111111
10101,2016-11-02,17:59:54,2747,91115,5657,0,79,111111
10101,2016-11-02,18:01:00,2747,91113,5657,0,-1,111111
10101,2016-11-02,18:01:30,2747,91119,5657,0,-1,111111
10101,2016-11-02,18:02:06,2747,91113,5657,0,-3,111111
10101,2016-11-02,18:04:13,2747,91120,5657,0,81,111111
10101,2016-11-02,18:05:22,2747,91116,5657,0,0,111111
10101,2016-11-02,18:06:24,2747,91129,5657,0,86,111111
10101,2016-11-02,18:07:26,2747,91132,5657,0,-2,111111
10101,2016-11-02,18:08:29,2747,91128,5657,0,79,111111
10101,2016-11-02,18:09:32,2747,91127,5657,0,-2,111111
10101,2016-11-02,18:10:36,2747,91127,5657,0,79,111111
10101,2016-11-02,18:11:38,2747,91123,5657,0,81,111111
10101,2016-11-02,18:12:41,2747,91124,5657,0,79,111111
10101,2016-11-02,18:13:43,2747,91136,5657,0,69,111111
10101,2016-11-02,18:15:15,2747,91128,5657,0,74,111111
10101,2016-11-02,18:15:55,2747,91136,5657,0,-3,111111
10101,2016-11-02,18:16:25,2747,91137,5657,0,0,111111
10101,2016-11-02,18:17:01,2747,91142,5657,0,-2,111111
10101,2016-11-02,18:17:31,2747,91132,5657,0,-3,111111
10101,2016-11-02,18:18:10,2747,91134,5657,0,80,111111
10101,2016-11-02,18:18:40,2747,91142,5657,0,80,111111
10101,2016-11-02,18:19:17,2747,91134,5657,0,81,111111
10101,2016-11-02,18:19:47,2747,91143,5657,0,81,111111
10101,2016-11-02,18:20:22,2747,91126,5657,0,80,111111
10101,2016-11-02,18:20:52,2747,91140,5657,0,-1,111111
10101,2016-11-02,18:21:27,2747,91131,5657,0,-2,111111
10101,2016-11-02,18:21:57,2747,91151,5657,0,0,111111
10101,2016-11-02,18:22:34,2747,91142,5657,0,79,111111
10101,2016-11-02,18:23:04,2747,91140,5657,0,-1,111111
10101,2016-11-02,18:23:40,2747,91139,5657,0,74,111111
10101,2002-11-16,18:24:49,2747,91138,5657,0,0,111111
10101,2002-11-16,18:25:19,2747,91148,5657,0,-1,111111
10101,2002-11-16,18:26:25,2747,91143,5657,0,75,111111
10101,2002-11-16,18:28:05,2747,91148,5657,0,0,111111
10101,2002-11-16,18:29:09,2747,91158,5657,0,0,111111
10101,2002-11-16,18:30:12,2747,91156,5657,0,80,111111
10101,2002-11-16,18:31:14,2747,91160,5657,0,80,111111
10101,2002-11-16,18:32:16,2747,91160,5657,0,-1,111111
10101,2002-11-16,18:33:19,2747,91160,5657,0,-1,111111
10101,2002-11-16,18:34:21,2641,91152,5657,0,0,111111
10101,2002-11-16,18:35:24,2747,91162,5657,0,-1,111111
10101,2002-11-16,18:36:27,2747,91167,5657,0,-1,111111
10101,2002-11-16,18:37:30,2747,91167,5657,0,-1,111111
10101,2002-11-16,18:38:00,2747,91177,5657,0,-1,111111
10101,2002-11-16,18:38:38,2747,91168,4712,0,-1,111111
10101,2002-11-16,18:39:08,2747,91175,4699,0,-1,111111
10101,2002-11-16,18:39:43,2747,91171,4685,0,-1,111111
10101,2002-11-16,18:40:13,2747,91168,4679,0,-1,111111
10101,2002-11-16,18:40:49,2747,91178,4665,0,-1,111111
10101,2002-11-16,18:41:19,2747,91180,4658,0,-1,111111
10101,2002-11-16,18:41:57,2747,91176,4648,0,-1,111111
10101,2002-11-16,18:42:27,2747,91171,4638,0,-1,111111
10101,2002-11-16,18:43:04,2747,91183,4632,0,-1,111111
10101,2002-11-16,18:43:34,2747,91186,4625,0,-1,111111
10101,2016-11-02,18:44:10,2747,91188,4618,0,-1,111111
10101,2016-11-02,18:44:40,2747,91180,4615,0,-1,111111
10101,2016-11-02,18:45:16,2747,91185,4612,0,-1,111111
10101,2016-11-02,18:45:46,2747,91185,4605,0,-1,111111
10101,2016-11-02,18:46:22,2747,91187,4602,0,-1,111111
10101,2016-11-02,18:46:52,2747,91178,4598,0,-1,111111
10101,2016-11-02,18:47:29,2747,91180,4591,0,-1,111111
10101,2016-11-02,18:49:37,2747,91175,4591,0,-1,111111
10101,2016-11-02,18:50:48,2747,91179,4595,0,-1,111111
10101,2016-11-02,18:51:50,2747,91186,4612,0,-1,111111
10101,2016-11-02,18:52:53,2747,91188,4625,0,57,111111
10101,2016-11-02,18:53:56,2747,91186,4685,1470,-3,111111
10101,2016-11-02,18:54:59,2747,91196,5657,0,-1,111111
10101,2016-11-02,18:56:03,2747,91190,5657,0,91,111111
10101,2016-11-02,18:57:05,2747,91192,5657,0,87,111111
10101,2016-11-02,18:58:07,2747,91191,5657,0,-1,111111
10101,2016-11-02,18:59:10,2747,91191,5657,0,-2,111111
10101,2016-11-02,19:00:42,2747,91196,5657,0,-1,111111
10101,2016-11-02,19:01:23,2747,91199,5657,0,31,111111
10101,2016-11-02,19:02:29,2747,91194,5657,0,-1,111111
10101,2016-11-02,19:02:59,2747,91194,5657,0,19,111111
10101,2016-11-02,19:03:34,2747,91200,5657,0,19,111111
10101,2016-11-02,19:04:40,2747,91204,5657,0,0,111111
10101,2016-11-02,19:05:10,2747,91207,5657,0,-2,111111
10101,2016-11-02,19:05:46,2747,91199,5657,0,-1,111111
10101,2016-11-02,19:06:16,2747,91210,5657,0,19,111111
10101,2016-11-02,10:01:10,2400,91000,5657,0,0,111111
10101,2016-11-02,10:00:00,2420,91000,5657,0,-2,111111
10101,2016-11-02,10:00:40,2400,91000,5657,0,2,111111
10101,2016-11-02,10:01:00,2501,91010,5657,0,2,111111
10101,2016-11-02,10:00:01,2601,91012,5657,0,2,111111
10101,2016-11-02,10:00:11,2605,91000,5657,0,-1,111111
10101,2016-11-02,10:01:20,2621,91000,5657,0,34,111111
10101,2016-11-02,10:02:10,2630,91042,5657,0,36,111111
10101,2016-11-02,10:04:00,2630,91041,5657,0,34,111111
10101,2016-11-02,10:05:00,2607,91012,5657,0,34,111111
10101,2016-11-02,10:00:10,2601,91000,4615,0,0,111111
10101,2016-11-02,10:05:10,2601,91010,4610,0,10,111111
10101,2016-11-02,10:10:00,2747,91004,4650,0,0,111111
10101,2016-11-02,10:10:20,2747,91000,4652,0,40,111111
10101,2016-11-02,10:20:01,2747,91000,4641,0,40,111111
10101,2016-11-02,10:20:41,2747,91002,4630,0,42,111111
10101,2016-11-02,10:22:00,2747,91000,4605,0,0,111111
10101,2016-11-02,10:24:00,2747,91011,4600,0,40,111111
10101,2016-11-02,10:20:00,2747,91000,4610,0,40,111111
10101,2016-11-02,19:29:35,2747,91299,4618,0,276,111111
10101,2016-11-02,19:30:05,2747,91301,4628,0,276,111111
10101,2016-11-02,19:30:41,2747,91300,4625,0,-2,111111
10101,2016-11-02,19:31:48,2747,91297,4635,0,-1,111111
10101,2016-11-02,19:32:18,2747,91288,4645,0,-1,111111
10101,2016-11-02,19:32:53,2747,91302,4652,0,-1,111111
10101,2016-11-02,19:33:23,2747,91299,4662,0,243,111111
10101,2016-11-02,19:33:59,2747,91290,4685,0,-1,111111
10101,2016-11-02,19:34:29,2747,91296,4692,0,114,111111
10101,2016-11-02,19:35:05,2747,91307,4699,0,-3,111111
10101,2016-11-02,19:36:12,2747,91295,4709,0,24,111111
10101,2016-11-02,19:37:19,2747,91306,4712,0,328,111111
10101,2016-11-02,19:37:49,2747,91300,4702,0,328,111111
10101,2016-11-02,19:38:25,2747,91301,4699,0,328,111111
10101,2016-11-02,19:38:56,2747,91311,4695,0,328,111111
10101,2016-11-02,19:40:03,2747,91305,4692,0,328,111111
10101,2016-11-02,19:40:33,2747,91312,4679,0,328,111111
10101,2016-11-02,19:41:43,2747,91307,4652,0,328,111111
10101,2016-11-02,19:42:46,2747,91309,4672,0,328,111111
10101,2016-11-02,19:43:49,2747,91316,4699,0,328,111111
10101,2016-11-02,19:44:51,2747,91325,4712,1764,272,111111
10101,2016-11-02,19:45:54,2747,91326,4712,0,273,111111
10101,2016-11-02,19:46:56,2747,91318,5657,441,216,111111
10101,2016-11-02,19:47:58,2747,91313,4719,0,216,111111
10101,2016-11-02,19:50:48,2747,91308,4692,0,216,111111
10101,2016-11-02,19:51:51,2747,91308,4705,4704,281,111111
10101,2016-11-02,19:52:53,2747,91323,4702,0,282,111111
10101,2016-11-02,19:53:55,2747,91323,4685,0,282,111111
10101,2016-11-02,19:54:59,2747,91321,4679,0,282,111111
10101,2016-11-02,19:56:02,2747,91321,4672,0,282,111111
10101,2016-11-02,19:57:04,2747,91325,4669,0,282,111111
10101,2016-11-02,19:58:08,2747,91322,4685,0,283,111111
10101,2016-11-02,19:59:11,2747,91317,4665,0,282,111111
10101,2016-11-02,20:00:14,2747,91325,4645,0,282,111111
10101,2016-11-02,20:01:17,2747,91328,4642,0,282,111111
10101,2016-11-02,20:02:20,2747,91329,4622,0,282,111111
10101,2016-11-02,20:03:23,2747,91338,4622,0,282,111111
10101,2016-11-02,20:04:26,2747,91338,4612,0,283,111111
10101,2016-11-02,20:05:28,2747,91345,4602,0,282,111111
10101,2016-11-02,20:06:31,2747,91336,4595,0,283,111111
10101,2016-11-02,20:07:33,2747,91332,4591,0,282,111111
10101,2016-11-02,20:08:35,2747,91336,4591,0,282,111111
10101,2016-11-02,20:09:37,2747,91343,4585,0,282,111111
10101,2016-11-02,20:12:41,2747,91339,4565,0,283,111111
10101,2016-11-02,20:13:43,2747,91338,4558,0,282,111111
10101,2016-11-02,20:14:46,2747,91340,4558,0,282,111111
10101,2016-11-02,20:15:50,2747,91336,4558,0,283,111111
10101,2016-11-02,20:16:52,2747,91344,4551,0,283,111111
10101,2016-11-02,20:17:54,2747,91345,4544,0,282,111111
10101,2016-11-02,20:18:57,2747,91339,4544,0,282,111111
10101,2016-11-02,20:20:00,2747,91345,4541,0,282,111111
10101,2016-11-02,20:21:03,2747,91339,4531,0,282,111111
10101,2016-11-02,20:22:06,2747,91330,4531,0,282,111111
10101,2016-11-02,20:23:10,2747,91350,4531,0,282,111111
10101,2016-11-02,20:24:12,2747,91353,4531,0,282,111111
10101,2016-11-02,20:25:15,2747,91350,4521,0,282,111111
10101,2016-11-02,20:26:17,2747,91349,4524,0,282,111111
10101,2016-11-02,20:27:19,2747,91349,4518,0,282,111111
10101,2016-11-02,20:28:23,2747,91350,4518,0,282,111111
10101,2016-11-02,20:29:27,2747,91346,4518,0,282,111111
10101,2016-11-02,20:30:31,2747,91353,4514,0,282,111111
10101,2016-11-02,20:31:34,2747,91341,4511,0,282,111111
10101,2016-11-02,20:33:37,2747,91343,4504,0,282,111111
10101,2016-11-02,20:34:44,2747,91354,4504,0,282,111111
10101,2016-11-02,20:35:47,2747,91349,4504,0,282,111111
10101,2016-11-02,20:36:51,2747,91352,4504,0,282,111111
10101,2016-11-02,20:37:53,2747,91349,4501,0,283,111111
10101,2016-11-02,20:38:56,2747,91355,4501,0,282,111111
10101,2016-11-02,20:39:59,2747,91348,4501,0,282,111111
10101,2016-11-02,20:41:01,2747,91357,4497,0,282,111111
10101,2016-11-02,20:42:03,2747,91348,4497,0,282,111111
10101,2016-11-02,20:43:06,2747,91347,4497,0,282,111111
10101,2016-11-02,20:44:08,2747,91347,4497,0,282,111111
10101,2016-11-02,20:45:11,2747,91343,4497,0,282,111111
10101,2016-11-02,20:46:13,2747,91345,4494,0,282,111111
10101,2016-11-02,20:47:16,2747,91363,4494,0,282,111111
10101,2016-11-02,20:48:19,2747,91358,4491,0,282,111111
10101,2016-11-02,20:49:21,2747,91363,4494,0,282,111111
10101,2016-11-02,20:50:24,2747,91353,4494,0,282,111111
10101,2016-11-02,20:51:52,2747,91355,4491,0,282,111111
10101,2016-11-02,20:52:55,2747,91363,4491,0,282,111111
10101,2016-11-02,20:53:57,2747,91361,4491,0,282,111111
10101,2016-11-02,20:57:02,2747,91360,4487,0,282,111111
10101,2016-11-02,20:58:04,2747,91360,4487,0,282,111111
10101,2016-11-02,20:59:06,2747,91360,4487,0,282,111111
10101,2016-11-02,21:00:09,2747,91358,4487,0,282,111111
10101,2016-11-02,21:01:12,2747,91361,4484,0,282,111111
10101,2016-11-02,21:02:15,2747,91364,4484,0,282,111111
10101,2016-11-02,21:03:18,2747,91355,4487,0,283,111111
10101,2016-11-02,21:04:20,2747,91358,4484,0,282,111111
10101,2016-11-02,21:05:24,2747,91356,4484,0,282,111111
10101,2016-11-02,21:06:27,2747,91352,4484,0,282,111111
10101,2016-11-02,21:07:29,2747,91348,4484,0,282,111111
10101,2016-11-02,21:08:32,2747,91353,4484,0,282,111111
10101,2016-11-02,21:09:35,2747,91344,4487,0,282,111111
10101,2016-11-02,21:10:37,2747,91351,4484,0,282,111111
10101,2016-11-02,21:11:40,2747,91363,4484,0,282,111111
10101,2016-11-02,21:12:43,2747,91361,4484,0,282,111111
10101,2016-11-02,21:13:45,2747,91355,4480,0,282,111111
10101,2016-11-02,21:14:49,2747,91352,4480,0,282,111111
10101,2016-11-02,21:15:52,2747,91352,4480,0,282,111111
10101,2016-11-02,21:20:02,2747,91347,4480,0,282,111111
10101,2016-11-02,21:21:04,2747,91348,4480,0,282,111111
10101,2016-11-02,21:22:06,2747,91346,4480,0,282,111111
10101,2016-11-02,21:23:09,2747,91347,4484,0,282,111111
10101,2016-11-02,21:24:11,2747,91348,4480,0,282,111111
10101,2016-11-02,21:25:13,2747,91349,4480,0,282,111111
10101,2016-11-02,21:26:16,2747,91351,4484,0,282,111111
10101,2016-11-02,21:27:18,2747,91344,4480,0,282,111111
10101,2016-11-02,21:28:20,2747,91348,4480,0,282,111111
10101,2016-11-02,21:29:23,2747,91346,4477,0,282,111111
10101,2016-11-02,21:30:25,2747,91344,4480,0,282,111111
10101,2016-11-02,21:31:27,2747,91347,4477,0,282,111111
10101,2016-11-02,21:32:29,2747,91344,4477,0,282,111111
10101,2016-11-02,21:33:31,2747,91338,4477,0,282,111111
10101,2016-11-02,21:34:34,2747,91349,4477,0,282,111111
10101,2016-11-02,21:35:36,2747,91347,4480,0,282,111111
10101,2016-11-02,21:36:38,2747,91343,4484,0,282,111111
10101,2016-11-02,21:37:40,2747,91362,4477,0,282,111111
10101,2016-11-02,21:40:44,2747,91344,4480,0,282,111111
10101,2016-11-02,21:41:47,2747,91339,4477,0,282,111111
10101,2016-11-02,21:42:49,2747,91354,4477,0,282,111111
10101,2016-11-02,21:43:52,2747,91341,4477,0,282,111111
10101,2016-11-02,21:44:54,2747,91338,4477,0,283,111111
10101,2016-11-02,21:45:56,2747,91335,4477,0,282,111111
10101,2016-11-02,21:46:58,2747,91347,4477,0,282,111111
10101,2016-11-02,21:48:00,2747,91341,4477,0,282,111111
10101,2016-11-02,21:49:03,2747,91350,4477,0,282,111111
10101,2016-11-02,21:50:05,2747,91331,4477,0,282,111111
10101,2016-11-02,21:51:08,2747,91339,4477,0,282,111111
10101,2016-11-02,21:52:11,2747,91337,4477,0,282,111111
10101,2016-11-02,21:53:13,2747,91328,4477,0,282,111111
10101,2016-11-02,21:54:15,2747,91342,4477,0,282,111111
10101,2016-11-02,21:55:17,2747,91330,4477,0,282,111111
10101,2016-11-02,21:56:19,2747,91336,4477,0,282,111111
10101,2016-11-02,21:57:21,2747,91336,4477,0,282,111111
10101,2016-11-02,21:58:23,2747,91344,4477,0,282,111111
10101,2016-11-02,21:59:25,2747,91332,4477,0,282,111111
10101,2016-11-02,22:01:28,2747,91325,4480,0,282,111111
10101,2016-11-02,22:02:34,2747,91320,4477,0,282,111111
10101,2016-11-02,22:03:36,2747,91328,4477,0,282,111111
10101,2016-11-02,22:04:38,2747,91318,4477,0,282,111111
10101,2016-11-02,22:05:40,2747,91325,4480,0,282,111111
10101,2016-11-02,22:06:42,2747,91320,4477,0,282,111111
10101,2016-11-02,22:07:44,2747,91317,4477,0,282,111111
10101,2016-11-02,22:08:46,2747,91318,4477,0,282,111111
10101,2016-11-02,22:09:48,2747,91307,4477,0,282,111111
10101,2016-11-02,22:10:50,2747,91317,4477,0,282,111111
10101,2016-11-02,22:11:52,2747,91316,4477,0,282,111111
10101,2016-11-02,22:12:54,2747,91315,4477,0,282,111111
10101,2016-11-02,22:13:56,2747,91313,4477,0,282,111111
10101,2016-11-02,22:14:58,2747,91324,4474,0,282,111111
10101,2016-11-02,22:16:00,2747,91304,4477,0,282,111111
10101,2016-11-02,22:17:03,2747,91315,4477,0,282,111111
10101,2016-11-02,22:18:06,2747,91304,4477,0,282,111111
10101,2016-11-02,22:19:08,2747,91313,4477,0,282,111111
10101,2016-11-02,22:20:11,2747,91303,4477,0,282,111111
10101,2016-11-02,22:21:13,2747,91311,4474,0,282,111111
10101,2016-11-02,22:24:17,2747,91302,4474,0,282,111111
10101,2016-11-02,22:25:19,2747,91303,4477,0,282,111111
10101,2016-11-02,22:26:21,2747,91313,4474,0,282,111111
10101,2016-11-02,22:27:24,2747,91302,4477,0,282,111111
10101,2016-11-02,22:28:28,2747,91300,4474,0,282,111111
10101,2016-11-02,22:29:30,2747,91292,4474,0,282,111111
10101,2016-11-02,22:30:32,2747,91299,4474,0,282,111111
10101,2016-11-02,22:31:34,2747,91299,4474,0,282,111111
10101,2016-11-02,22:32:37,2747,91302,4470,0,282,111111
10101,2016-11-02,22:33:39,2747,91291,4474,0,282,111111
10101,2016-11-02,22:34:41,2747,91299,4470,0,282,111111
10101,2016-11-02,22:35:44,2747,91292,4470,0,282,111111
10101,2016-11-02,22:36:46,2747,91300,4474,0,282,111111
10101,2016-11-02,22:37:48,2747,91299,4474,0,282,111111
10101,2016-11-02,22:38:50,2747,91298,4470,0,282,111111
10101,2016-11-02,22:39:52,2747,91295,4470,0,282,111111
10101,2016-11-02,22:40:54,2747,91300,4470,0,282,111111
10101,2016-11-02,22:41:56,2747,91302,4470,0,282,111111
10101,2016-11-02,22:42:58,2747,91298,4470,0,282,111111
10101,2016-11-02,22:45:00,2747,91290,4474,0,282,111111
10101,2016-11-02,22:46:05,2747,91295,4470,0,282,111111
10101,2016-11-02,22:47:07,2747,91292,4470,0,282,111111
10101,2016-11-02,22:48:09,2747,91300,4470,0,282,111111
10101,2016-11-02,22:49:11,2747,91298,4470,0,282,111111
10101,2016-11-02,22:50:13,2747,91297,4470,0,282,111111
10101,2016-11-02,22:51:15,2747,91287,4470,0,282,111111
10101,2016-11-02,22:52:17,2747,91289,4470,0,282,111111
10101,2016-11-02,22:53:20,2747,91297,4470,0,282,111111
10101,2016-11-02,22:54:22,2747,91291,4470,0,282,111111
10101,2016-11-02,22:55:24,2747,91292,4470,0,282,111111
10101,2016-11-02,22:56:26,2747,91289,4470,0,282,111111
10101,2016-11-02,22:57:28,2747,91286,4470,0,282,111111
10101,2016-11-02,22:58:30,2747,91285,4470,0,283,111111
10101,2016-11-02,22:59:32,2747,91287,4470,0,282,111111
10101,2016-11-02,23:00:34,2747,91295,4470,0,282,111111
10101,2016-11-02,23:01:36,2747,91285,4470,0,282,111111
10101,2016-11-02,23:02:38,2747,91285,4470,0,282,111111
10101,2016-11-02,23:03:40,2747,91285,4470,0,282,111111
10101,2016-11-02,23:04:42,2747,91287,4470,0,282,111111
10101,2016-11-02,23:07:46,2747,91286,4470,0,282,111111
10101,2016-11-02,23:08:48,2747,91285,4470,0,282,111111
10101,2016-11-02,23:09:50,2747,91293,4470,0,282,111111
10101,2016-11-02,23:10:54,2747,91284,4470,0,282,111111
10101,2016-11-02,23:11:56,2747,91286,4470,0,282,111111
10101,2016-11-02,23:12:58,2747,91274,4470,0,282,111111
10101,2016-11-02,23:14:00,2747,91292,4474,0,282,111111
10101,2016-11-02,23:15:02,2747,91284,4474,0,282,111111
10101,2016-11-02,23:16:04,2747,91286,4474,0,282,111111
10101,2016-11-02,23:17:06,2747,91293,4474,0,282,111111
10101,2016-11-02,23:18:08,2747,91281,4470,0,282,111111
10101,2016-11-02,23:19:10,2747,91292,4477,0,283,111111
10101,2016-11-02,23:20:12,2747,91293,4474,0,282,111111
10101,2016-11-02,23:21:14,2747,91298,4474,0,282,111111
10101,2016-11-02,23:22:16,2747,91281,4474,0,282,111111
10101,2016-11-02,23:23:18,2747,91286,4474,0,282,111111
10101,2016-11-02,23:24:20,2747,91290,4474,0,282,111111
10101,2016-11-02,23:25:22,2747,91281,4474,0,282,111111
10101,2016-11-02,23:26:24,2747,91280,4477,0,282,111111
10101,2016-11-02,23:28:28,2747,91281,4477,0,282,111111
10101,2016-11-02,23:29:33,2747,91278,4470,0,282,111111
10101,2016-11-02,23:30:35,2747,91278,4474,0,282,111111
10101,2016-11-02,23:31:37,2747,91264,4474,0,282,111111
10101,2016-11-02,23:32:39,2747,91281,4474,0,282,111111
10101,2016-11-02,23:33:41,2747,91272,4474,0,282,111111
10101,2016-11-02,23:34:43,2747,91271,4477,0,282,111111
10101,2016-11-02,23:35:45,2747,91264,4474,0,282,111111
10101,2016-11-02,23:36:47,2747,91272,4474,0,282,111111
10101,2016-11-02,23:37:49,2747,91274,4477,0,282,111111
10101,2016-11-02,23:38:51,2747,91273,4470,0,282,111111
10101,2016-11-02,23:39:53,2747,91264,4474,0,282,111111
10101,2016-11-02,23:40:55,2747,91263,4474,0,282,111111
10101,2016-11-02,23:41:57,2747,91261,4477,0,282,111111
10101,2016-11-02,23:42:59,2747,91260,4470,0,282,111111
10101,2016-11-02,23:44:01,2747,91263,4474,0,282,111111
10101,2016-11-02,23:45:04,2747,91251,4474,0,282,111111
10101,2016-11-02,23:46:06,2747,91252,4474,0,282,111111
10101,2016-11-02,23:47:08,2747,91260,4474,0,282,111111
10101,2016-11-02,23:48:10,2747,91250,4477,0,282,111111
10101,2016-11-02,23:51:14,2747,91252,4477,0,282,111111
10101,2016-11-02,23:52:16,2747,91252,4477,0,282,111111
10101,2016-11-02,23:53:18,2747,91259,4477,0,282,111111
10101,2016-11-02,23:54:20,2747,91261,4477,0,282,111111
10101,2016-11-02,23:55:22,2747,91258,4477,0,282,111111
10101,2016-11-02,23:56:24,2747,91260,4477,0,282,111111
10101,2016-11-02,23:57:26,2747,91259,4477,0,282,111111
10101,2016-11-02,23:58:28,2747,91258,4477,0,282,111111
10101,2016-11-02,23:59:30,2747,91251,4477,0,282,111111
10101,2016-11-03,00:00:32,2747,91247,4477,0,282,111111
10101,2016-11-03,00:01:34,2747,91240,4477,0,282,111111
10101,2016-11-03,00:02:37,2747,91246,4477,0,282,111111
10101,2016-11-03,00:03:39,2747,91239,4477,0,282,111111
10101,2016-11-03,00:04:41,2747,91246,4477,0,282,111111
10101,2016-11-03,00:05:43,2747,91246,4477,0,282,111111
10101,2016-11-03,00:06:45,2747,91235,4480,0,283,111111
10101,2016-11-03,00:07:47,2747,91237,4480,0,282,111111
10101,2016-11-03,00:08:49,2747,91235,4477,0,282,111111
10101,2016-11-03,00:09:51,2747,91245,4480,0,282,111111
10101,2016-11-03,00:11:53,2747,91240,4480,0,282,111111
10101,2016-11-03,00:12:58,2747,91235,4484,0,282,111111
10101,2016-11-03,00:14:00,2747,91235,4484,0,282,111111
10101,2016-11-03,00:15:02,2747,91235,4484,0,282,111111
10101,2016-11-03,00:16:04,2747,91237,4484,0,282,111111
10101,2016-11-03,00:17:06,2747,91226,4477,0,282,111111
10101,2016-11-03,00:18:08,2747,91237,4480,0,282,111111
10101,2016-11-03,00:19:10,2747,91243,4484,0,282,111111
10101,2016-11-03,00:20:13,2747,91232,4484,0,283,111111
10101,2016-11-03,00:21:15,2747,91238,4484,0,282,111111
10101,2016-11-03,00:22:17,2747,91227,4484,0,282,111111
10101,2016-11-03,00:23:19,2747,91235,4484,0,282,111111
10101,2016-11-03,00:24:21,2747,91234,4484,0,282,111111
10101,2016-11-03,00:25:23,2747,91242,4484,0,283,111111
10101,2016-11-03,00:26:25,2747,91224,4484,0,282,111111
10101,2016-11-03,00:27:28,2747,91232,4484,0,282,111111
10101,2016-11-03,00:28:30,2747,91224,4484,0,282,111111
10101,2016-11-03,00:29:32,2747,91225,4484,0,282,111111
10101,2016-11-03,00:30:34,2747,91225,4487,0,282,111111
10101,2016-11-03,00:31:36,2747,91232,4487,0,282,111111
10101,2016-11-03,00:34:40,2747,91216,4487,0,282,111111
10101,2016-11-03,00:35:42,2747,91224,4491,0,282,111111
10101,2016-11-03,00:36:45,2747,91212,4487,0,282,111111
10101,2016-11-03,00:37:48,2747,91214,4487,0,283,111111
10101,2016-11-03,00:38:50,2747,91213,4487,0,282,111111
10101,2016-11-03,00:39:52,2747,91212,4491,0,282,111111
10101,2016-11-03,00:40:54,2747,91206,4491,0,282,111111
10101,2016-11-03,00:41:56,2747,91204,4491,0,282,111111
10101,2016-11-03,00:42:58,2747,91211,4487,0,282,111111
10101,2016-11-03,00:44:00,2747,91211,4487,0,282,111111
10101,2016-11-03,00:45:02,2747,91208,4491,0,282,111111
10101,2016-11-03,00:46:04,2747,91208,4491,0,282,111111
10101,2016-11-03,00:47:06,2747,91205,4491,0,282,111111
10101,2016-11-03,00:48:08,2747,91195,4491,0,282,111111
10101,2016-11-03,00:49:10,2747,91201,4491,0,283,111111
10101,2016-11-03,00:50:12,2747,91190,4491,0,282,111111
10101,2016-11-03,00:51:14,2747,91201,4494,0,282,111111
10101,2016-11-03,00:52:16,2747,91199,4494,0,282,111111
10101,2016-11-03,00:53:18,2747,91192,4494,0,282,111111
10101,2016-11-03,00:55:21,2747,91191,4494,0,282,111111
10101,2016-11-03,00:56:26,2747,91190,4494,0,282,111111
10101,2016-11-03,00:57:28,2747,91198,4494,0,282,111111
10101,2016-11-03,00:58:30,2747,91199,4494,0,282,111111
10101,2016-11-03,00:59:32,2747,91196,4494,0,282,111111
10101,2016-11-03,01:00:34,2747,91196,4494,0,282,111111
10101,2016-11-03,01:01:36,2747,91200,4494,0,282,111111
10101,2016-11-03,01:02:38,2747,91206,4494,0,282,111111
10101,2016-11-03,01:03:40,2747,91188,4497,0,282,111111
10101,2016-11-03,01:04:42,2747,91190,4497,0,282,111111
10101,2016-11-03,01:05:44,2747,91199,4497,0,282,111111
10101,2016-11-03,01:06:46,2747,91187,4497,0,282,111111
10101,2016-11-03,01:07:48,2747,91186,4497,0,282,111111
10101,2016-11-03,01:08:50,2747,91183,4497,0,282,111111
10101,2016-11-03,01:09:52,2747,91190,4497,0,282,111111
10101,2016-11-03,01:10:54,2747,91178,4497,0,282,111111
10101,2016-11-03,01:11:57,2747,91178,4497,0,282,111111
10101,2016-11-03,01:13:00,2747,91187,4497,0,282,111111
10101,2016-11-03,01:14:02,2747,91185,4497,0,282,111111
10101,2016-11-03,01:15:04,2747,91175,4497,0,282,111111
10101,2016-11-03,01:18:08,2747,91175,4501,0,282,111111
10101,2016-11-03,01:19:10,2747,91177,4501,0,282,111111
10101,2016-11-03,01:20:12,2747,91187,4501,0,282,111111
10101,2016-11-03,01:21:14,2747,91186,4501,0,282,111111
10101,2016-11-03,01:22:16,2747,91187,4501,0,282,111111
10101,2016-11-03,01:23:18,2747,91187,4501,0,283,111111
10101,2016-11-03,01:24:20,2747,91186,4504,0,282,111111
10101,2016-11-03,01:25:22,2747,91185,4504,0,282,111111
10101,2016-11-03,01:26:25,2747,91175,4504,0,282,111111
10101,2016-11-03,01:27:27,2747,91177,4504,0,282,111111
10101,2016-11-03,01:28:29,2747,91185,4504,0,282,111111
10101,2016-11-03,01:29:32,2747,91183,4504,0,282,111111
10101,2016-11-03,01:30:34,2747,91183,4504,0,282,111111
10101,2016-11-03,01:31:36,2747,91173,4504,0,282,111111
10101,2016-11-03,01:32:38,2747,91187,4504,0,282,111111
10101,2016-11-03,01:33:40,2747,91183,4504,0,283,111111
10101,2016-11-03,01:34:42,2747,91182,4504,0,282,111111
10101,2016-11-03,01:35:44,2747,91181,4504,0,282,111111
10101,2016-11-03,01:36:46,2747,91175,4504,0,282,111111
10101,2016-11-03,01:38:48,2747,91170,4507,0,282,111111
10101,2016-11-03,01:39:53,2747,91170,4507,0,282,111111
10101,2016-11-03,01:40:55,2747,91180,4507,0,282,111111
10101,2016-11-03,01:41:57,2747,91172,4511,0,282,111111
10101,2016-11-03,01:42:59,2747,91162,4511,0,282,111111
10101,2016-11-03,01:44:01,2747,91180,4511,0,282,111111
10101,2016-11-03,01:45:03,2747,91174,4507,0,282,111111
10101,2016-11-03,01:46:05,2747,91170,4507,0,282,111111
10101,2016-11-03,01:47:08,2747,91180,4511,0,282,111111
10101,2016-11-03,01:48:10,2747,91172,4511,0,282,111111
10101,2016-11-03,01:49:12,2747,91173,4511,0,282,111111
10101,2016-11-03,01:50:14,2747,91181,4511,0,282,111111
10101,2016-11-03,01:51:16,2747,91178,4511,0,282,111111
10101,2016-11-03,01:52:18,2747,91177,4511,0,283,111111
10101,2016-11-03,01:53:20,2747,91178,4511,0,282,111111
10101,2016-11-03,01:54:22,2747,91180,4511,0,282,111111
10101,2016-11-03,01:55:24,2747,91180,4511,0,282,111111
10101,2016-11-03,01:56:26,2747,91180,4511,0,282,111111
10101,2016-11-03,01:57:28,2747,91180,4514,0,282,111111
10101,2016-11-03,01:58:30,2747,91181,4514,0,282,111111
10101,2016-11-03,02:01:34,2747,91178,4514,0,282,111111
10101,2016-11-03,02:02:36,2747,91177,4514,0,282,111111
10101,2016-11-03,02:03:38,2747,91178,4514,0,282,111111
10101,2016-11-03,02:04:41,2747,91180,4518,0,282,111111
10101,2016-11-03,02:05:43,2747,91180,4518,0,282,111111
10101,2016-11-03,02:06:45,2747,91172,4514,0,282,111111
10101,2016-11-03,02:07:47,2747,91176,4518,0,282,111111
10101,2016-11-03,02:08:49,2747,91180,4518,0,282,111111
10101,2016-11-03,02:09:51,2747,91177,4518,0,282,111111
10101,2016-11-03,02:10:53,2747,91170,4518,0,282,111111
10101,2016-11-03,02:11:55,2747,91178,4518,0,282,111111
10101,2016-11-03,02:12:57,2747,91170,4518,0,282,111111
10101,2016-11-03,02:13:59,2747,91177,4518,0,282,111111
10101,2016-11-03,02:15:01,2747,91168,4518,0,282,111111
10101,2016-11-03,02:16:03,2747,91165,4518,0,282,111111
10101,2016-11-03,02:17:05,2747,91176,4518,0,282,111111
10101,2016-11-03,02:18:08,2747,91165,4518,0,282,111111
10101,2016-11-03,02:19:10,2747,91164,4518,0,282,111111
10101,2016-11-03,02:20:12,2747,91163,4518,0,282,111111
10101,2016-11-03,02:22:15,2747,91175,4518,0,282,111111
10101,2016-11-03,02:23:20,2747,91172,4521,0,282,111111
10101,2016-11-03,02:24:22,2747,91172,4521,0,282,111111
10101,2016-11-03,02:25:25,2747,91175,4521,0,282,111111
10101,2016-11-03,02:26:27,2747,91173,4521,0,282,111111
10101,2016-11-03,02:27:29,2747,91171,4524,0,282,111111
10101,2016-11-03,02:28:31,2747,91171,4524,0,282,111111
10101,2016-11-03,02:29:33,2747,91160,4518,0,282,111111
10101,2016-11-03,02:30:35,2747,91167,4518,0,282,111111
10101,2016-11-03,02:31:37,2747,91168,4524,0,282,111111
10101,2016-11-03,02:32:39,2747,91158,4524,0,282,111111
10101,2016-11-03,02:33:41,2747,91167,4521,0,283,111111
10101,2016-11-03,02:34:43,2747,91159,4524,0,282,111111
10101,2016-11-03,02:35:45,2747,91170,4524,0,282,111111
10101,2016-11-03,02:36:47,2747,91167,4524,0,282,111111
10101,2016-11-03,02:37:49,2747,91168,4524,0,282,111111
10101,2016-11-03,02:38:52,2747,91162,4524,0,282,111111
10101,2016-11-03,02:39:54,2747,91168,4524,0,282,111111
10101,2016-11-03,02:40:56,2747,91167,4524,0,282,111111
10101,2016-11-03,02:41:58,2747,91167,4524,0,282,111111
10101,2016-11-03,02:45:02,2747,91167,4528,0,282,111111
10101,2016-11-03,02:46:04,2747,91163,4528,0,282,111111
10101,2016-11-03,02:47:06,2747,91164,4528,0,282,111111
10101,2016-11-03,02:48:08,2747,91166,4531,0,282,111111
10101,2016-11-03,02:49:10,2747,91182,4531,0,282,111111
10101,2016-11-03,02:50:12,2747,91163,4528,0,282,111111
10101,2016-11-03,02:51:14,2747,91172,4531,0,282,111111
10101,2016-11-03,02:52:17,2747,91163,4528,0,282,111111
10101,2016-11-03,02:53:19,2747,91162,4531,0,282,111111
10101,2016-11-03,02:54:21,2747,91167,4531,0,282,111111
10101,2016-11-03,02:55:23,2747,91163,4531,0,282,111111
10101,2016-11-03,02:56:26,2747,91162,4531,0,282,111111
10101,2016-11-03,02:57:28,2747,91162,4531,0,282,111111
10101,2016-11-03,02:58:30,2747,91161,4534,0,282,111111
10101,2016-11-03,02:59:32,2747,91163,4531,0,282,111111
10101,2016-11-03,03:00:34,2747,91170,4531,0,282,111111
10101,2016-11-03,03:01:36,2747,91159,4531,0,282,111111
10101,2016-11-03,03:02:38,2747,91153,4531,0,282,111111
10101,2016-11-03,03:03:40,2747,91158,4531,0,283,111111
10101,2016-11-03,03:05:42,2747,91169,4531,0,282,111111
10101,2016-11-03,03:06:47,2747,91161,4534,0,282,111111
10101,2016-11-03,03:07:49,2747,91159,4531,0,282,111111
10101,2016-11-03,03:08:51,2747,91169,4534,0,282,111111
10101,2016-11-03,03:09:53,2747,91169,4534,0,282,111111
10101,2016-11-03,03:10:55,2747,91169,4538,0,282,111111
10101,2016-11-03,03:11:57,2747,91174,4538,0,282,111111
10101,2016-11-03,03:12:59,2747,91178,4538,0,282,111111
10101,2016-11-03,03:14:02,2747,91177,4538,0,282,111111
10101,2016-11-03,03:15:04,2747,91175,4538,0,282,111111
10101,2016-11-03,03:16:06,2747,91178,4538,0,282,111111
10101,2016-11-03,03:17:08,2747,91178,4538,0,282,111111
10101,2016-11-03,03:18:10,2747,91183,4538,0,282,111111
10101,2016-11-03,03:19:12,2747,91175,4541,0,282,111111
10101,2016-11-03,03:20:14,2747,91175,4538,0,282,111111
10101,2016-11-03,03:21:16,2747,91181,4541,0,282,111111
10101,2016-11-03,03:22:18,2747,91172,4541,0,282,111111
10101,2016-11-03,03:23:20,2747,91172,4541,0,282,111111
10101,2016-11-03,03:24:22,2747,91173,4544,0,282,111111
10101,2016-11-03,03:25:25,2747,91182,4544,0,282,111111
10101,2016-11-03,03:28:29,2747,91191,4544,0,283,111111
10101,2016-11-03,03:29:31,2747,91191,4544,0,282,111111
10101,2016-11-03,03:30:33,2747,91181,4544,0,282,111111
10101,2016-11-03,03:31:36,2747,91189,4544,0,282,111111
10101,2016-11-03,03:32:38,2747,91198,4548,0,282,111111
10101,2016-11-03,03:33:40,2747,91199,4544,0,282,111111
10101,2016-11-03,03:34:42,2747,91190,4544,0,282,111111
10101,2016-11-03,03:35:44,2747,91199,4551,0,282,111111
10101,2016-11-03,03:36:46,2747,91188,4544,0,282,111111
10101,2016-11-03,03:37:48,2747,91180,4544,0,282,111111
10101,2016-11-03,03:38:50,2747,91186,4548,0,282,111111
10101,2016-11-03,03:39:52,2747,91188,4551,0,283,111111
10101,2016-11-03,03:40:54,2747,91196,4551,0,282,111111
10101,2016-11-03,03:41:56,2747,91188,4548,0,282,111111
10101,2016-11-03,03:42:58,2747,91188,4548,0,282,111111
10101,2016-11-03,03:44:00,2747,91197,4551,0,282,111111
10101,2016-11-03,03:45:02,yyyy,91196,-699,0,282,111111
10101,2016-11-03,03:52:39,2747,91184,4548,0,282,111111
10101,2016-11-03,03:53:42,2747,91183,4548,0,282,111111
10101,2016-11-03,03:55:45,2747,91194,4551,0,282,111111
10101,2016-11-03,03:56:49,2747,91194,4548,0,282,111111
10101,2016-11-03,03:57:51,2747,91193,4551,0,282,111111
10101,2016-11-03,03:58:53,2747,91201,4551,0,282,111111
10101,2016-11-03,03:59:56,2747,91193,4551,0,282,111111
10101,2016-11-03,04:00:58,2747,91194,4551,0,282,111111
10101,2016-11-03,04:02:00,2747,91201,4551,0,282,111111
10101,2016-11-03,04:03:02,2747,91191,4551,0,282,111111
10101,2016-11-03,04:04:04,2747,91191,4551,0,282,111111
10101,2016-11-03,04:05:06,2747,91207,4551,0,282,111111
10101,2016-11-03,04:06:08,2747,91201,4551,0,282,111111
10101,2016-11-03,04:07:10,2747,91200,4551,0,282,111111
10101,2016-11-03,04:08:12,2747,91197,4551,0,282,111111
10101,2016-11-03,04:09:14,2747,91209,4551,0,282,111111
10101,2016-11-03,04:10:16,2747,91201,4551,0,282,111111
10101,2016-11-03,04:11:18,2747,91207,4551,0,282,111111
10101,2016-11-03,04:12:21,2747,91216,4551,0,282,111111
10101,2016-11-03,04:13:23,2747,91208,4551,0,282,111111
10101,2016-11-03,04:14:25,2747,91199,4551,0,282,111111
10101,2016-11-03,04:15:27,2747,91207,4551,0,282,111111
10101,2016-11-03,04:18:30,2747,91214,4551,0,282,111111
10101,2016-11-03,04:19:32,2747,91213,4551,0,282,111111
10101,2016-11-03,04:20:34,2747,91205,4551,0,282,111111
10101,2016-11-03,04:22:38,2747,91195,4551,0,282,111111
10101,2016-11-03,04:23:41,2747,91201,4551,0,282,111111
10101,2016-11-03,04:24:43,2747,91203,4551,0,282,111111
10101,2016-11-03,04:25:45,2747,91201,4551,0,282,111111
10101,2016-11-03,04:26:47,2747,91204,4551,0,282,111111
10101,2016-11-03,04:27:50,2747,91194,4551,0,282,111111
10101,2016-11-03,04:28:52,2747,91195,4551,0,282,111111
10101,2016-11-03,04:29:55,2747,91195,4555,0,282,111111
10101,2016-11-03,09:23:40,2747,91414,4702,0,238,111111
10101,2016-11-03,09:24:42,2747,91427,4699,0,238,111111
10101,2016-11-03,09:25:44,2747,91423,4692,0,238,111111
10101,2016-11-03,09:26:46,2747,91428,4685,0,238,111111
10101,2016-11-03,09:27:48,2747,91429,4692,147,267,111111
10101,2016-11-03,09:28:51,2747,91424,4682,0,267,111111
10101,2016-11-03,09:29:53,2747,91422,4679,0,267,111111
10101,2016-11-03,09:30:55,2747,91422,4675,0,267,111111
10101,2016-11-03,09:31:57,2747,91421,4669,0,267,111111
10101,2016-11-03,09:32:59,2747,91419,4662,0,267,111111
10101,2016-11-03,09:34:01,2747,91421,4655,0,267,111111
10101,2016-11-03,09:35:03,2747,91421,4658,3087,-2,111111
10101,2016-11-03,09:36:07,2747,91408,4658,0,0,111111
10101,2016-11-03,09:37:09,2747,91418,4658,0,0,111111
10101,2016-11-03,09:38:11,2747,91418,4679,0,247,111111
10101,2016-11-03,09:39:13,2747,91408,4695,0,260,111111
10101,2016-11-03,09:40:15,2747,91418,5657,0,-2,111111
10101,2016-11-03,09:41:17,2747,91413,4722,0,-2,111111
10101,2016-11-03,09:42:19,2747,91408,5657,0,-2,111111
10101,2016-11-03,09:45:23,2747,91417,5657,0,0,111111
10101,2016-11-03,09:46:25,2747,91412,5657,0,0,111111
10101,2016-11-03,09:47:27,2747,91412,5657,0,0,111111
10101,2016-11-03,09:48:29,2747,91408,5657,0,0,111111
10101,2016-11-03,09:49:31,2747,91398,5657,0,0,111111
10101,2016-11-03,09:50:33,2747,91417,5657,0,0,111111
10101,2016-11-03,09:51:35,2747,91400,5657,0,0,111111
10101,2016-11-03,09:52:37,2747,91406,5657,0,0,111111
10101,2016-11-03,09:53:41,2747,91401,5657,0,0,111111
10101,2016-11-03,09:54:43,2747,91401,5657,0,0,111111
10101,2016-11-03,09:55:45,2747,91412,5657,0,0,111111
10101,2016-11-03,09:56:47,2747,91408,5657,0,0,111111
10101,2016-11-03,09:57:51,2747,91397,5657,0,0,111111
10101,2016-11-03,09:58:54,2747,91390,5657,0,0,111111
10101,2016-11-03,09:59:56,2747,91391,5657,0,0,111111
10101,2016-11-03,10:02:00,2747,91395,5657,0,0,111111
10101,2016-11-03,10:03:02,2747,91398,5657,0,0,111111
10101,2016-11-03,10:04:04,2747,91390,5657,0,0,111111
10101,2016-11-03,10:08:14,2747,91378,4699,0,0,111111
10101,2016-11-03,10:09:16,2747,91383,4699,0,0,111111
10101,2016-11-03,10:10:18,2747,91395,4705,0,0,111111
10101,2016-11-03,10:11:21,2747,91380,4705,0,0,111111
10101,2016-11-03,10:12:23,2747,91376,4705,0,0,111111
10101,2016-11-03,10:47:37,2747,91373,4719,0,0,111111
10101,2016-11-03,10:48:43,2747,91367,4719,0,-3,111111
10101,2016-11-03,10:49:48,2747,91365,4705,0,-2,111111
10101,2016-11-03,10:50:53,2747,91364,4699,0,0,111111
10101,2016-11-03,10:51:59,2747,91371,4689,0,0,111111
10101,2016-11-03,10:53:05,2747,91365,4692,0,0,111111
10101,2016-11-03,10:54:11,2747,91355,4685,0,0,111111
10101,2016-11-03,10:55:16,2747,91351,4675,0,283,111111
10101,2016-11-03,10:56:21,2747,91357,4665,0,283,111111
10101,2016-11-03,10:57:27,2747,91350,4662,0,283,111111
10101,2016-11-03,10:58:32,2747,91347,4665,0,283,111111
10101,2016-11-03,10:59:37,2747,91346,4669,0,283,111111
10101,2016-11-03,11:00:43,2747,91351,4665,0,283,111111
10101,2016-11-03,11:01:50,2747,91348,4665,0,283,111111
10101,2016-11-03,11:02:56,2747,91355,4665,0,283,111111
10101,2016-11-03,11:04:01,2747,91349,4665,0,283,111111
10101,2016-11-03,11:05:06,2747,91341,4662,0,283,111111
10101,2016-11-03,11:06:12,2747,91340,4655,0,283,111111
10101,2016-11-03,11:07:18,2747,91337,4645,0,283,111111
10101,2016-11-03,11:10:27,2747,91324,4638,0,283,111111
10101,2016-11-03,11:11:32,2747,91331,4625,0,283,111111
10101,2016-11-03,11:12:37,2747,91335,4625,0,-1,111111
10101,2016-11-03,11:13:43,2747,91332,4618,0,276,111111
10101,2016-11-03,11:14:49,2747,91332,4612,0,276,111111
10101,2016-11-03,11:15:54,2747,91331,4612,0,276,111111
10101,2016-11-03,11:16:59,2747,91332,4608,0,276,111111
10101,2016-11-03,11:18:04,2747,91327,4605,0,276,111111
10101,2016-11-03,11:19:10,2747,91328,4598,0,276,111111
10101,2016-11-03,11:20:15,2747,91324,4591,0,276,111111
10101,2016-11-03,11:21:22,2747,91327,4585,0,276,111111
10101,2016-11-03,11:22:28,2747,91331,4581,0,276,111111
10101,2016-11-03,11:23:33,2747,91326,4581,0,276,111111
10101,2016-11-03,11:24:39,2747,91321,4581,0,276,111111
10101,2016-11-03,11:25:44,2747,91316,4571,0,276,111111
10101,2016-11-03,11:26:50,2747,91318,4565,0,276,111111
10101,2016-11-03,11:27:55,2747,91319,4544,0,276,111111
10101,2016-11-03,11:29:00,2747,91305,4528,0,276,111111
10101,2016-11-03,11:30:05,2747,91308,4528,0,276,111111
10101,2016-11-03,11:32:11,2747,91300,4514,0,0,111111
10101,2016-11-03,11:33:21,2747,91302,4507,0,0,111111
10101,2016-11-03,11:34:26,2747,91293,4521,0,0,111111
10101,2016-11-03,11:35:31,2747,91295,4524,0,0,111111
10101,2016-11-03,11:36:36,2747,91294,4538,0,0,111111
10101,2016-11-03,11:37:42,2747,91280,4558,0,250,111111
10101,2016-11-03,11:38:47,2747,91282,4558,0,249,111111
10101,2016-11-03,11:39:54,2747,91281,4578,0,250,111111
10101,2016-11-03,11:40:59,2747,91274,4571,0,250,111111
10101,2016-11-03,11:42:05,2747,91280,4561,0,250,111111
10101,2016-11-03,11:43:10,2747,91271,4558,0,250,111111
10101,2016-11-03,11:44:16,2747,91274,4548,0,250,111111
10101,2016-11-03,11:45:22,2747,91263,4528,0,250,111111
10101,2016-11-03,11:46:27,2747,91259,4524,0,250,111111
10101,2016-11-03,11:47:32,2747,91269,4518,0,249,111111
10101,2016-11-03,11:48:38,2747,91260,4507,0,250,111111
10101,2016-11-03,11:49:45,2747,91261,4497,0,249,111111
10101,2016-11-03,11:50:51,2747,91258,4484,0,249,111111
10101,2016-11-03,11:51:57,2747,91247,4464,0,249,111111
10101,2016-11-03,11:53:04,2747,91248,4453,0,249,111111
10101,2016-11-03,11:56:15,2747,91246,4430,0,250,111111
10101,2016-11-03,11:57:20,2747,91239,4420,0,249,111111
10101,2016-11-03,11:58:25,2747,91224,4413,0,249,111111
10101,2016-11-03,11:59:30,2747,91227,4406,0,249,111111
10101,2016-11-03,12:00:35,2747,91237,4406,0,250,111111
10101,2016-11-03,12:01:40,2747,91235,4416,0,250,111111
10101,2016-11-03,12:02:48,2747,91233,4423,0,250,111111
10101,2016-11-03,12:03:53,2747,91227,4426,0,250,111111
10101,2016-11-03,12:04:59,2747,91232,4433,0,250,111111
10101,2016-11-03,12:06:04,2747,91227,4430,0,250,111111
10101,2016-11-03,12:07:10,2747,91227,4430,0,250,111111
10101,2016-11-03,12:08:16,2747,91222,4423,0,250,111111
10101,2016-11-03,12:09:22,2747,91232,4416,0,250,111111
10101,2016-11-03,12:11:35,2747,91220,4399,0,250,111111
10101,2016-11-08,15:40:16,2594,91082,3850,0,2,111111
10101,2016-11-08,15:41:30,2600,91077,3850,0,85,111111
10101,2016-11-08,15:42:42,2601,91078,3850,0,2,111111
10101,2016-11-09,09:03:48,2327,91203,5718,0,0,111111
10101,2016-11-09,09:38:29,2384,91207,5657,0,1,111111
10101,2016-11-09,09:39:41,2384,91211,5657,0,287,111111
10101,2016-11-09,09:17:16,2385,91201,5657,0,232,111111
10101,2016-11-09,09:18:28,2381,91209,5657,0,232,111111
10101,2016-11-09,09:19:41,2384,91207,5657,0,232,111111
10101,2016-11-10,07:03:38,2390,91201,5657,0,232,111111
10101,2016-11-10,07:04:50,2392,91210,5657,0,232,111111
10101,2016-11-10,07:06:48,2392,91208,5657,0,232,111111
10101,2016-11-10,07:08:00,2391,91195,5657,0,232,111111
10101,2016-11-10,07:09:14,2393,91195,5657,0,232,111111
10101,2016-11-10,07:10:26,2391,91195,5657,0,232,111111
10101,2016-11-10,07:11:38,2393,91200,5657,0,232,111111
10101,2016-11-10,07:12:51,2385,91192,5657,0,232,111111
10101,2016-11-10,07:14:03,2386,91192,5657,0,232,111111
10101,2016-11-10,07:16:51,2389,91185,5657,0,2,111111
10101,2016-11-10,07:18:04,2385,91188,5657,0,2,111111
10101,2016-11-10,10:27:37,2389,91186,5657,0,283,111111
10101,2016-11-10,10:28:49,2387,91198,5657,0,283,111111
10101,2016-11-10,10:30:02,2396,91181,5657,0,283,111111
10101,2016-11-10,10:31:14,2389,91178,5657,0,282,111111
10101,2016-11-10,10:32:26,2386,91171,5657,0,282,111111
10101,2016-11-10,10:33:38,2386,91181,5657,0,282,111111
10101,2016-11-10,10:34:51,2391,91176,5657,0,282,111111
10101,2016-11-10,10:36:05,2394,91181,5657,0,282,111111
10101,2016-11-10,10:37:17,2390,91186,5657,0,282,111111
10101,2016-11-10,10:38:30,2385,91176,5657,0,282,111111
10101,2016-11-10,10:39:43,2389,91179,5657,0,282,111111
10101,2016-11-10,10:40:55,2398,91171,5657,0,270,111111
10101,2016-11-10,11:07:21,2400,91126,5657,0,0,111111
10101,2016-11-10,11:08:34,2396,91123,5657,0,0,111111
10101,2016-11-10,11:09:49,2397,91128,5657,0,237,111111
10101,2016-11-10,11:11:04,2397,91126,5657,0,237,111111
10101,2016-11-10,11:12:16,2403,91113,5657,0,237,111111
10101,2016-11-10,11:13:35,2406,91126,5657,0,237,111111
10101,2016-11-10,11:14:47,2404,91116,5657,0,237,111111
10101,2016-11-10,11:16:00,2402,91106,5657,0,237,111111
10101,2016-11-10,11:17:12,2404,91119,5657,0,237,111111
10101,2016-11-10,17:24:02,2375,90831,5657,0,0,111111
10101,2016-11-10,17:27:39,2403,90844,5657,0,0,111111
10101,2016-11-10,17:28:51,2410,90851,5657,0,61,111111
10101,2016-11-10,17:30:06,2421,90850,5657,0,59,111111
10101,2016-11-10,17:31:19,2427,90859,5657,0,2,111111
10101,2016-11-10,17:32:32,2537,90854,5657,0,2,111111
10101,2016-11-10,17:33:45,2537,90853,5657,0,2,111111
10101,2016-11-09,17:36:40,2537,90856,5657,0,2,111111
10101,2016-11-09,17:37:53,2537,90851,5657,0,2,111111
10101,2016-11-09,17:39:08,2537,90865,5657,0,2,111111
10101,2016-11-09,17:40:21,2537,90862,5657,0,63,111111
10101,2016-11-09,17:41:34,2537,90864,5657,0,63,111111
10101,2016-11-10,09:53:51,2327,91165,5657,0,63,111111
10101,2016-11-10,09:55:03,2327,91158,5657,0,63,111111
10101,2016-11-10,09:56:15,2327,91159,5657,0,63,111111
10101,2016-11-10,09:57:27,2327,91161,5657,0,63,111111
10101,2016-11-10,09:58:39,2327,91167,5657,0,63,111111
10101,2016-11-10,09:59:51,2327,91154,5657,0,63,111111
10101,2016-11-10,11:21:57,2362,91053,5657,0,23,111111
10101,2016-11-10,11:23:12,2362,91055,5657,0,24,111111
10101,2016-11-10,11:24:25,2360,91059,5657,0,2,111111
10101,2016-11-10,11:25:37,2361,91045,5657,0,2,111111
10101,2016-11-10,11:26:49,2364,91049,5657,0,2,111111
10101,2016-11-10,11:28:02,2369,91044,5657,0,2,111111
10101,2016-11-10,11:29:14,2371,91047,5657,0,0,111111
10101,2016-11-10,11:30:26,2375,91041,5657,0,0,111111
10101,2016-11-10,11:34:02,2378,91033,5657,0,0,111111
10101,2016-11-10,11:35:14,2386,91028,5657,0,0,111111
10101,2016-11-10,11:36:26,2391,91030,5657,0,0,111111
10101,2016-11-10,11:37:38,2395,91033,5657,0,0,111111
10101,2016-11-10,11:38:50,2394,91030,5657,0,1,111111
10101,2016-11-10,11:40:02,2388,91021,5657,0,1,111111
10101,2016-11-10,11:41:14,2393,91028,5657,0,1,111111
10101,2016-11-10,11:42:26,2393,91024,5657,0,2,111111
10101,2016-11-10,11:43:38,2393,91025,5657,0,2,111111
10101,2016-11-10,11:46:58,2386,91004,5657,0,109,111111
10101,2016-11-10,11:48:10,2382,91016,5657,4,109,111111
10101,2016-11-10,11:49:22,2378,91000,5657,0,108,111111
10101,2016-11-10,11:50:35,2379,91008,5657,54,1,111111
10101,2016-11-10,11:51:47,2380,91002,5657,0,1,111111
10101,2016-11-10,11:52:59,2385,91001,5657,0,1,111111
10101,2016-11-10,11:54:11,2387,90996,5657,0,1,111111
10101,2016-11-10,11:55:24,2385,90990,5657,0,1,111111
10101,2016-11-10,11:56:36,2378,91002,5657,0,1,111111
10101,2016-11-10,12:09:56,2340,90954,5657,0,0,111111
10101,2016-11-10,12:11:08,2354,90961,5657,0,0,111111
10101,2016-11-10,12:12:20,2361,90956,5657,0,0,111111
10101,2016-11-10,12:13:32,2374,90949,5657,0,1,111111
10101,2016-11-10,12:14:44,2373,90944,5657,0,0,111111
10101,2016-11-25,02:42:11,2558,90955,3850,0,102,111111
10101,2016-11-25,02:43:17,2560,90955,3850,0,101,111111
10101,2016-11-25,02:44:23,2564,90951,3850,0,101,111111
10101,2016-11-25,02:45:28,2560,90943,3850,0,0,111111
10101,2016-11-25,02:46:33,2569,90943,3850,0,0,111111
10101,2016-11-25,02:47:39,2574,90953,3850,0,114,111111
10101,2016-11-25,02:48:46,2573,90954,3850,0,1,111111
10101,2016-11-25,02:49:53,2574,90945,3850,12,25,111111
10101,2016-11-25,02:50:59,2575,90948,3850,2,98,111111
10101,2016-11-25,02:52:05,2578,90949,3850,0,96,111111
10101,2016-11-25,02:54:16,2578,90951,3850,0,96,111111
10101,2016-11-25,02:55:22,2582,90954,3850,0,96,111111
10101,2016-11-25,02:56:28,2582,90956,3850,0,96,111111
10101,2016-12-12,11:44:00,2537,120899,6157,0,1,111111
10101,2016-12-12,17:21:00,2542,121683,6055,0,0,11111
10101,2016-12-13,17:14:36,2537,90861,5784,0,1,11111
10101,2016-12-13,17:21:43,2537,90853,5705,0,0,11111
10101,2016-12-13,17:22:18,2537,90865,5667,0,197,11111
10101,2016-12-13,17:22:54,2537,90854,5695,0,0,11111
10101,2016-12-13,17:27:31,2537,90873,5657,0,209,11111
10101,2016-12-13,17:28:06,2537,90861,5657,0,0,11111
10101,2016-12-13,17:28:41,2537,90861,5657,0,248,11111
10101,2016-12-13,17:29:16,2537,90866,5657,0,2,11111
10101,2016-12-13,17:29:52,2537,90869,5657,0,221,11111
10101,2016-12-13,17:30:27,2537,90862,5657,0,2,11111
10101,2016-12-13,17:31:03,2537,90867,5657,0,2,11111
10101,2016-12-13,17:31:39,2537,90872,5657,0,0,11111
10101,2016-12-13,17:33:54,2537,90872,5657,0,226,11111
10101,2016-12-13,17:34:29,2537,90881,5657,0,219,11111
10101,2016-12-13,17:35:05,2537,90884,5657,0,214,11111
10101,2016-12-13,17:35:40,2537,90876,5657,0,0,11111
10101,2016-12-13,17:36:15,2537,90885,5657,0,0,11111
10101,2016-12-13,17:36:51,2537,90884,5657,0,1,11111
10101,2016-12-13,17:37:28,2537,90885,5657,0,1,11111
10101,2016-12-13,17:38:03,2537,90878,5657,0,0,11111
10101,2016-12-13,17:38:39,2537,90884,5657,0,225,11111
10101,2016-12-13,17:39:44,2537,90889,5657,0,214,11111
10101,2016-12-13,17:40:27,2537,90890,5657,0,0,11111
10101,2016-12-13,17:41:02,2537,90902,5657,0,215,11111
10101,2016-12-13,17:41:38,2537,90900,5657,0,226,11111
10101,2016-12-13,17:42:14,2537,90892,5657,0,1,11111
10101,2016-12-13,17:42:49,2537,90897,5657,0,2,11111
10101,2016-12-13,17:43:24,2537,90887,5657,0,1,11111
10101,2016-12-13,17:43:59,2537,90900,5657,0,0,11111
10101,2016-12-13,17:44:34,2537,90900,5657,0,210,11111
10101,2016-12-13,17:45:09,2537,90904,5657,0,221,11111
10101,2016-12-13,17:46:49,2537,90905,5657,0,0,11111
10101,2016-12-13,17:47:24,2537,90902,5657,0,241,11111
10101,2016-12-13,17:47:59,2537,90902,5657,0,0,11111
10101,2016-12-13,17:48:35,2537,90905,5657,0,226,11111
10101,2016-12-13,17:49:10,2537,90903,5657,0,219,11111
10101,2016-12-13,17:49:45,2537,90905,5657,0,1,11111
10101,2016-12-13,17:50:21,2537,90913,5657,0,232,11111
10101,2016-12-13,17:50:56,2537,90911,5657,0,221,11111
10101,2016-12-13,17:51:33,2537,90911,5657,0,231,11111
10101,2016-12-13,17:52:38,2537,90916,5657,0,227,11111
10101,2016-12-13,17:53:22,2537,90911,5657,0,254,11111
10101,2016-12-13,17:53:57,2537,90912,5657,0,221,11111
10101,2016-12-13,17:54:34,2537,90915,5657,0,1,11111
10101,2016-12-13,17:55:09,2537,90900,5657,0,238,11111
10101,2016-12-13,17:55:44,2537,90910,5657,0,254,11111
10101,2016-12-13,17:56:20,2537,90905,5657,0,0,11111
10101,2016-12-13,17:56:55,2537,90907,5657,0,231,11111
10101,2016-12-13,17:57:30,2537,90898,5657,0,204,11111
10101,2016-12-13,17:58:05,2537,90899,5657,0,227,11111
10101,2016-12-13,17:59:45,2537,90898,5657,0,0,11111
10101,2016-12-13,18:00:20,2537,90903,5657,0,232,11111
10101,2016-12-13,18:00:56,2537,90912,5657,0,1,11111
10101,2016-12-13,18:01:32,2537,90896,5657,0,227,11111
10101,2016-12-13,18:02:07,2537,90904,5657,0,0,11111
10101,2016-12-13,18:02:42,2537,90905,5657,0,2,11111
10101,2016-12-13,18:03:19,2537,90905,5657,0,0,11111
10101,2016-12-13,18:03:54,2537,90906,5657,0,233,11111
10101,2016-12-13,18:04:30,2537,90906,5657,0,232,11111
10101,2016-12-13,18:05:36,2537,90909,5657,0,231,11111
10101,2016-12-13,18:06:19,2537,90916,5657,0,0,11111
10101,2016-12-13,18:06:54,2537,90910,5657,0,236,11111
10101,2016-12-13,18:07:29,2537,90911,5657,0,1,11111
10101,2016-12-13,18:09:05,2537,90907,5657,0,1,11111
10101,2016-12-13,18:09:40,2537,90907,5657,0,1,11111
10101,2016-12-13,18:10:17,2537,90906,5657,0,210,11111
10101,2016-12-13,18:10:52,2537,90920,5657,0,232,11111
10101,2016-12-13,18:11:29,2537,90914,5657,0,1,11111
10101,2016-12-13,18:13:10,2537,90917,5657,0,1,11111
10101,2016-12-13,18:13:45,2537,90919,5657,0,236,11111
10101,2016-12-13,18:14:21,2537,90912,5657,0,209,11111
10101,2016-12-13,18:14:56,2537,90923,5657,0,226,11111
10101,2016-12-13,18:15:32,2537,90916,5657,0,220,11111
10101,2016-12-13,18:16:08,2537,90932,5657,0,0,11111
10101,2016-12-13,18:16:44,2537,90924,5657,0,242,11111
10101,2016-12-13,18:17:19,2537,90927,5657,0,1,11111
10101,2016-12-13,18:17:55,2537,90928,5657,0,232,11111
10101,2016-12-13,18:19:00,2537,90932,5657,0,0,11111
10101,2016-12-13,18:19:44,2537,90932,5657,0,237,11111
10101,2016-12-13,18:20:19,2537,90929,5657,0,242,11111
10101,2016-12-13,18:20:55,2537,90946,5657,0,249,11111
10101,2016-12-13,18:21:31,2537,90937,5657,0,219,11111
10101,2016-12-13,18:22:06,2537,90942,5657,0,0,11111
10101,2016-12-13,18:22:41,2537,90936,5657,0,242,11111
10101,2016-12-13,18:23:16,2537,90936,5657,0,0,11111
10101,2016-12-13,18:23:51,2537,90933,5657,0,1,11111
10101,2016-12-13,18:24:27,2537,90942,5670,0,0,11111
10101,2016-12-13,18:26:08,2537,90933,5657,0,238,11111
10101,2016-12-13,18:26:43,2537,90940,5657,0,216,11111
10101,2016-12-13,18:27:19,2537,90940,5657,0,243,11111
10101,2016-12-13,18:27:54,2537,90940,5657,0,243,11111
10101,2016-12-13,18:28:30,2537,90948,5657,0,2,11111
10101,2016-12-13,18:29:06,2537,90945,5657,0,2,11111
10101,2016-12-13,18:29:42,2537,90948,5657,0,242,11111
10101,2016-12-13,18:30:18,2537,90944,5657,0,243,11111
10101,2016-12-13,18:30:53,2537,90939,5670,0,237,11111
10101,2016-12-13,18:31:59,2537,90957,5657,0,0,11111
10101,2016-12-13,18:32:45,2537,90949,5657,0,241,11111
10101,2016-12-13,18:33:21,2537,90948,5657,0,1,11111
10101,2016-12-13,18:33:57,2537,90953,5657,0,225,11111
10101,2016-12-13,18:34:32,2537,90948,5657,0,2,11111
10101,2016-12-13,18:35:07,2537,90948,5657,0,0,11111
10101,2016-12-13,18:35:43,2537,90950,5657,0,221,11111
10101,2016-12-13,18:36:19,2537,90961,5657,0,242,11111
10101,2016-12-13,18:36:54,2537,90962,5657,0,1,11111
10101,2016-12-13,18:37:29,2537,90961,5657,0,0,11111
10101,2016-12-13,18:39:09,2537,90974,5657,0,0,11111
10101,2016-12-13,18:39:44,2537,90961,5657,0,216,11111
10101,2016-12-13,18:40:19,2537,90952,5657,0,0,11111
10101,2016-12-13,18:40:55,2537,90964,5657,0,0,11111
10101,2016-12-13,18:41:32,2537,90962,5657,0,233,11111
10101,2016-12-13,18:42:07,2537,90960,5657,0,231,11111
10101,2016-12-13,18:42:43,2537,90965,5657,0,2,11111
10101,2016-12-13,18:43:19,2537,90973,5657,0,1,11111
10101,2016-12-13,18:43:55,2537,90965,5657,0,226,11111
10101,2016-12-13,18:45:00,2537,90969,5657,0,248,11111
10101,2016-12-13,18:45:44,2537,90984,5657,0,1,11111
10101,2016-12-13,18:46:19,2537,90967,5657,0,233,11111
10101,2016-12-13,18:46:54,2537,90976,5657,0,237,11111
10101,2016-12-13,18:48:04,2537,90979,5657,0,247,11111
10101,2016-12-13,18:48:39,2537,90972,5657,0,236,11111
10101,2016-12-13,18:49:14,2537,90978,5657,0,0,11111
10101,2016-12-13,18:49:49,2537,90986,5657,0,219,11111
10101,2016-12-13,18:50:25,2537,90976,5657,0,226,11111
10101,2016-12-13,18:52:06,2537,90991,5657,0,2,11111
10101,2016-12-13,18:52:42,2537,90989,5657,0,237,11111
10101,2016-12-13,18:53:19,2537,90975,5657,0,233,11111
10101,2016-12-13,18:53:54,2537,90983,5657,0,1,11111
10101,2016-12-13,18:54:29,2537,90991,5657,0,221,11111
10101,2016-12-13,18:55:05,2537,90985,5657,0,227,11111
10101,2016-12-13,18:55:42,2537,90989,5657,0,241,11111
10101,2016-12-13,18:56:17,2537,90996,5657,0,1,11111
10101,2016-12-13,18:56:53,2537,90985,5657,0,238,11111
10101,2016-12-13,18:57:58,2537,90993,5657,0,219,11111
10101,2016-12-13,18:58:42,2537,91000,5657,0,231,11111
10101,2016-12-13,18:59:17,2537,90992,5657,0,226,11111
10101,2016-12-13,18:59:52,2537,91001,5657,0,231,11111
10101,2016-12-13,19:00:27,2537,90998,5657,0,225,11111
10101,2016-12-13,19:01:03,2537,90998,5657,0,0,11111
10101,2016-12-13,19:01:38,2537,91012,5657,0,231,11111
10101,2016-12-13,19:02:13,2537,91001,5657,0,0,11111
10101,2016-12-13,19:02:49,2537,91005,5657,0,203,11111
10101,2016-12-13,19:03:25,2537,91001,5657,0,225,11111
10101,2016-12-13,19:05:05,2537,91009,5657,0,1,11111
10101,2016-12-13,19:05:40,2537,91005,5657,0,0,11111
10101,2016-12-13,19:06:15,2537,91009,5657,0,225,11111
10101,2016-12-13,19:06:50,2537,91009,5657,0,0,11111
10101,2016-12-13,19:07:25,2537,91014,5657,0,236,11111
10101,2016-12-13,19:08:00,2537,91009,5657,0,226,11111
10101,2016-12-13,19:08:36,2537,91019,5657,0,244,11111
10101,2016-12-13,19:09:12,2537,91020,5657,0,2,11111
10101,2016-12-13,19:09:48,2537,91017,5657,0,226,11111
10101,2016-12-13,19:10:54,2537,91010,5657,0,248,11111
10101,2016-12-13,19:11:39,2537,91022,5657,0,210,11111
10101,2016-12-13,19:12:16,2537,91014,5657,0,221,11111
10101,2016-12-13,19:12:52,2537,91014,5657,0,1,11111
10101,2016-12-13,19:13:28,2537,91012,5657,0,227,11111
10101,2016-12-13,19:14:03,2537,91012,5657,0,216,11111
10101,2016-12-13,19:14:38,2537,91017,5657,0,233,11111
10101,2016-12-13,19:15:14,2537,91017,5657,0,238,11111
10101,2016-12-13,19:15:49,2537,91019,5657,0,215,11111
10101,2016-12-13,19:16:25,2537,91018,5657,0,220,11111
10101,2016-12-13,19:18:05,2537,91030,5657,0,0,11111
10101,2016-12-13,19:18:42,2537,91032,5657,0,233,11111
10101,2016-12-13,19:19:17,2537,91025,5657,0,0,11111
10101,2016-12-13,19:19:54,2537,91029,5657,0,0,11111
10101,2016-12-13,19:20:29,2537,91033,5657,0,0,11111
10101,2016-12-13,19:21:05,2537,91034,5657,0,0,11111
10101,2016-12-13,19:21:40,2537,91031,5657,0,214,11111
10101,2016-12-13,19:22:15,2537,91038,5657,0,2,11111
10101,2016-12-13,19:22:51,2537,91041,5657,0,249,11111
10101,2016-12-13,19:23:57,2537,91037,5657,0,2,11111
10101,2016-12-13,19:24:41,2537,91046,5657,0,2,11111
10101,2016-12-13,19:25:18,2537,91044,5657,0,0,11111
10101,2016-12-13,19:25:53,2537,91044,5657,0,0,11111
10101,2016-12-13,19:26:29,2537,91049,5657,0,231,11111
10101,2016-12-13,19:27:04,2537,91035,5657,0,1,11111
10101,2016-12-13,19:27:40,2537,91035,5657,0,1,11111
10101,2016-12-13,19:28:17,2537,91041,5657,0,220,11111
10101,2016-12-13,19:28:52,2537,91037,5657,0,210,11111
10101,2016-12-13,19:29:27,2537,91037,5657,0,1,11111
10101,2016-12-13,19:31:09,2537,91043,5657,0,219,11111
10101,2016-12-14,11:33:53,2332,91285,7217,0,0,11111
10101,2016-12-14,11:35:39,2377,91280,7217,0,225,11111
10101,2016-12-14,11:36:09,2385,91287,6410,0,0,11111
10101,2016-12-14,11:36:52,2395,91282,6336,0,2,11111
10101,2016-12-14,11:37:22,2401,91282,6296,0,224,11111
10101,2016-12-14,11:38:08,2405,91280,6247,0,233,11111
10101,2016-12-14,11:38:38,2407,91285,6253,0,1,11111
10101,2016-12-14,11:39:21,2414,91278,6197,0,1,11111
10101,2016-12-14,11:39:51,2417,91277,6163,0,204,11111
10101,2016-12-14,11:40:34,2421,91270,6157,0,0,11111
10101,2016-12-14,11:41:04,2424,91287,6132,1800,210,11111
10101,2016-12-14,11:41:48,2429,91282,6120,0,2,11111
10101,2016-12-14,11:42:18,2537,91266,6101,0,221,11111
10101,2016-12-14,11:43:01,2432,91267,6061,0,2,11111
10101,2016-12-14,11:43:31,2537,91274,6039,0,2,11111
10101,2016-12-14,11:44:15,2537,91258,6023,0,1,11111
10101,2016-12-14,11:44:45,2537,91280,6023,0,1,11111
10101,2016-12-14,11:45:29,2537,91271,5995,0,210,11111
10101,2016-12-14,11:45:59,2537,91267,5976,0,225,11111
10101,2016-12-14,12:03:03,2537,91248,5980,0,226,11111
10101,2016-12-14,12:04:08,2537,91246,5914,0,1,11111
10101,2016-12-14,12:05:13,2537,91251,5870,0,222,11111
10101,2016-12-14,12:06:18,2537,91252,5847,0,225,11111
10101,2016-12-14,12:07:23,2537,91245,5838,0,1,11111
10101,2016-12-14,12:08:29,2537,91249,5819,0,210,11111
10101,2016-12-14,12:09:35,2537,91242,5828,0,225,11111
10101,2016-12-14,12:10:41,2537,91249,5794,0,0,11111
10101,2016-12-14,12:11:47,2537,91234,5806,0,214,11111
10101,2016-12-14,12:12:52,2537,91240,5819,0,225,11111
10101,2016-12-14,12:13:58,2537,91246,5794,0,221,11111
10101,2016-12-14,12:15:04,2537,91239,5781,0,1,11111
10101,2016-12-14,12:16:10,2537,91242,5771,0,2,11111
10101,2016-12-14,12:17:15,2537,91239,5749,0,232,11111
10101,2016-12-14,12:18:21,2537,91233,5803,0,204,11111
10101,2016-12-15,12:54:21,2537,91267,5657,0,2,11111
10101,2016-12-15,12:55:27,2537,91276,5657,0,0,11111
10101,2016-12-15,12:56:33,2537,91269,5657,0,182,11111
10101,2016-12-15,12:57:38,2537,91248,5657,0,0,11111
10101,2016-12-15,12:58:44,2537,91264,5657,0,2,11111
10101,2016-12-15,12:59:51,2537,91266,5657,0,187,11111
10101,2016-12-15,13:00:57,2537,91266,5657,0,1,11111
10101,2016-12-15,13:02:03,2537,91255,5657,0,2,11111
10101,2016-12-15,13:03:09,2537,91264,5657,0,2,11111
10101,2016-12-15,13:04:15,2537,91246,5657,0,0,11111
10101,2016-12-15,13:05:21,2537,91257,5657,0,0,11111
10101,2016-12-15,13:06:27,2537,91249,5657,0,0,11111
10101,2016-12-15,13:07:33,2537,91243,5657,0,204,11111
10101,2016-12-15,13:08:39,2537,91247,5657,0,203,11111
10101,2016-12-15,13:09:45,2537,91241,5657,0,1,11111
10101,2016-12-15,13:10:51,2537,91239,5657,0,202,11111
10101,2016-12-15,13:11:57,2537,91241,5657,0,2,11111
10101,2016-12-15,13:13:04,2537,91236,5657,0,0,11111
10101,2016-12-15,13:14:09,2537,91237,5657,0,2,11111
10101,2016-12-15,13:17:20,2537,91235,5657,0,198,11111
10101,2016-12-15,13:18:25,2537,91236,5657,0,0,11111
10101,2016-12-15,13:19:31,2537,91236,5657,0,199,11111
10101,2016-12-15,13:20:36,2537,91227,5657,0,193,11111
10101,2016-12-15,13:21:41,2537,91228,5657,0,191,11111
10101,2016-12-15,13:22:46,2537,91223,5657,0,2,11111
10101,2016-12-15,13:23:52,2537,91235,5657,0,0,11111
10101,2016-12-15,13:24:57,2537,91222,5657,0,1,11111
10101,2016-12-15,13:26:02,2537,91218,5657,0,192,11111
10101,2016-12-15,13:27:08,2537,91226,5657,0,193,11111
10101,2016-12-15,13:28:15,2537,91217,5657,0,182,11111
10101,2016-12-15,13:29:20,2537,91222,5657,0,204,11111
10101,2016-12-15,13:30:25,2537,91213,5657,0,2,11111
10101,2016-12-15,13:31:33,2537,91222,5657,0,199,11111
10101,2016-12-15,13:32:40,2537,91217,5657,0,2,11111
10101,2016-12-15,13:33:45,2537,91219,5657,0,193,11111
10101,2016-12-15,13:34:51,2537,91210,5657,0,1,11111
10101,2016-12-15,13:35:56,2537,91209,5657,0,1,11111
10101,2016-12-15,13:37:03,2537,91213,5657,0,186,11111
10101,2016-12-15,13:39:08,2537,91200,5657,0,0,11111
10101,2016-12-15,13:40:21,2537,91196,5657,0,1,11111
10101,2016-12-15,13:41:27,2537,91208,5657,0,186,11111
10101,2016-12-15,13:42:32,2537,91200,5657,0,1,11111
10101,2016-12-15,13:43:37,2537,91214,5657,0,1,11111
10101,2016-12-15,13:44:43,2537,91200,5657,0,152,11111
10101,2016-12-15,13:45:49,2537,91188,5657,0,2,11111
10101,2016-12-15,13:46:56,2537,91201,5657,0,205,11111
10101,2016-12-15,13:48:03,2537,91195,5657,0,2,11111
10101,2016-12-15,13:49:09,2537,91198,5657,0,152,11111
10101,2016-12-15,13:50:14,2537,91192,5657,0,1,11111
10101,2016-12-15,13:51:19,2537,91194,5657,0,1,11111
10101,2016-12-15,13:52:26,2537,91191,5657,0,175,11111
10101,2016-12-15,13:53:31,2537,91192,5657,0,192,11111
10101,2016-12-15,13:54:36,2537,91197,5657,0,2,11111
10101,2016-12-15,13:55:41,2537,91201,5657,0,198,11111
10101,2016-12-15,13:56:47,2537,91194,5657,0,159,11111
10101,2016-12-15,13:57:53,2537,91182,5657,0,210,11111
10101,2016-12-15,13:58:58,2537,91186,5657,0,186,11111
10101,2016-12-15,14:00:03,2537,91190,5657,0,191,11111
10101,2016-12-15,14:03:14,2537,91188,5657,0,197,11111
10101,2016-12-15,14:04:20,2537,91186,5657,0,198,11111
10101,2016-12-15,14:05:26,2537,91196,5657,0,205,11111
10101,2016-12-15,14:06:31,2537,91198,5657,0,205,11111
10101,2016-12-15,14:07:37,2537,91177,5657,0,1,11111
10101,2016-12-15,14:08:42,2537,91182,5657,0,0,11111
10101,2016-12-15,14:09:47,2537,91180,5657,0,193,11111
10101,2016-12-15,14:10:52,2537,91180,5657,0,1,11111
10101,2016-12-15,14:11:57,2537,91179,5657,0,0,11111
10101,2016-12-15,14:13:02,2537,91179,5657,0,0,11111
10101,2016-12-15,14:14:07,2537,91178,5657,0,181,11111
10101,2016-12-15,14:15:13,2537,91178,5657,0,214,11111
10101,2016-12-15,14:16:18,2537,91178,5657,0,204,11111
10101,2016-12-15,14:17:24,2537,91163,5657,0,192,11111
10101,2016-12-15,14:18:29,2537,91166,5657,0,205,11111
10101,2016-12-15,14:19:36,2537,91166,5657,0,192,11111
10101,2016-12-15,14:20:41,2537,91167,5657,0,0,11111
10101,2016-12-15,14:21:47,2537,91162,5657,0,1,11111
10101,2016-12-15,14:22:53,2537,91159,5657,0,182,11111
10101,2016-12-15,14:24:59,2537,91167,5657,0,0,11111
10101,2016-12-15,14:26:11,2537,91154,5657,0,1,11111
10101,2016-12-15,14:27:17,2537,91167,5657,6000,197,11111
10101,2016-12-15,12:47:59,2376,91142,5765,0,237,11111
10101,2016-12-15,12:49:04,2410,91148,5657,0,0,11111
10101,2016-12-15,12:44:45,2537,91148,5657,0,197,11111
10101,2016-12-15,12:45:50,2537,91142,5657,0,1,11111
10101,2016-12-15,12:46:56,2537,91139,5657,0,210,11111
10101,2016-12-15,12:48:01,2537,91137,5657,0,2,11111
10101,2016-12-15,12:49:07,2537,91142,5657,0,2,11111
10101,2016-12-15,12:50:12,2537,91130,5657,0,1,11111
10101,2016-12-15,12:51:18,2537,91142,5657,0,215,11111
10101,2016-12-15,12:52:24,2537,91134,5657,0,208,11111
10101,2016-12-15,12:53:30,2537,91145,5657,0,1,11111
10101,2016-12-15,12:54:35,2537,91147,5657,0,219,11111
10101,2016-12-15,12:55:41,2537,91142,5657,0,248,11111
10101,2016-12-15,12:56:47,2537,91143,5657,5000,269,11111
10101,2016-12-15,12:57:53,2537,91139,5657,0,2,11111
10101,2016-12-15,12:58:58,2537,91146,5657,0,231,11111
10101,2016-12-15,13:00:03,2537,91129,5657,0,253,11111
10101,2016-12-15,13:01:09,2537,91153,5657,5000,2,11111
10101,2016-12-15,13:02:14,2537,91138,5657,0,255,11111
10101,2016-12-15,13:03:19,2537,91141,4709,0,255,11111
10101,2016-12-15,13:04:27,2537,91150,5657,0,227,11111
10101,2016-12-15,13:07:38,2537,91144,4685,0,250,11111
10101,2016-12-15,13:08:43,2537,91144,4665,0,261,11111
10101,2016-12-15,13:09:50,2537,91152,4662,0,242,11111
10101,2016-12-15,13:10:55,2537,91147,4625,0,0,11111
10101,2016-12-15,13:12:01,2537,91152,4632,0,2,11111
10101,2016-12-15,13:13:07,2537,91148,4618,0,0,11111
10101,2016-12-15,13:14:13,2537,91155,4618,0,265,11111
10101,2016-12-15,13:15:18,2537,91137,4575,0,226,11111
10101,2016-12-15,13:16:23,2537,91147,4565,0,260,11111
10101,2016-12-15,13:17:28,2537,91153,4551,0,227,11111
10101,2016-12-15,13:18:33,2537,91148,4538,0,2,11111
10101,2016-12-15,13:19:38,2537,91160,4524,0,233,11111
10101,2016-12-15,13:20:44,2537,91155,4544,0,239,11111
10101,2016-12-15,13:21:49,2537,91145,4531,0,243,11111
10101,2016-12-15,13:22:56,2537,91147,4595,0,1,11111
10101,2016-12-15,13:24:02,2537,91142,4558,0,0,11111
10101,2016-12-15,13:25:09,2537,91145,4565,0,233,11111
10101,2016-12-15,13:26:14,2539,91150,4507,0,0,11111
10101,2016-12-15,13:27:20,2538,91149,4558,0,215,11111
10101,2016-12-15,13:29:26,2537,91146,4491,0,243,11111
10101,2016-12-15,13:30:41,2537,91141,4477,0,0,11111
10101,2016-12-15,13:31:47,2542,91142,4443,0,266,11111
10101,2016-12-15,13:32:52,2541,91153,4450,0,266,11111
10101,2016-12-15,16:34:13,2541,91154,4578,0,2,11111
10101,2016-12-15,16:35:19,2544,91164,4531,0,243,11111
10101,2016-12-15,16:36:25,2549,91172,4538,7000,226,11111
10101,2016-12-15,16:37:30,2552,91170,4538,0,2,11111
10101,2016-12-15,16:38:35,2556,91156,4518,2100,237,11111
10101,2016-12-15,16:39:42,2555,91173,4507,0,238,11111
10101,2016-12-15,16:40:47,2550,91176,4501,0,225,11111
10101,2016-12-15,16:56:02,2407,91174,5657,0,227,11111
10101,2016-12-15,16:57:08,2537,91188,5657,0,227,11111
10101,2016-12-15,16:58:13,2537,91186,5657,1300,187,11111
10101,2016-12-15,16:59:18,2537,91195,5657,1100,187,11111
10101,2016-12-15,17:00:25,2537,91192,5657,0,187,11111
10101,2016-12-15,17:01:31,2537,91193,5657,5000,187,11111
10101,2016-12-15,17:02:37,2537,91193,5657,0,187,11111
10101,2016-12-15,17:03:42,2537,91198,5657,0,187,11111
10101,2016-12-15,17:04:48,2537,91196,5657,0,187,11111
10101,2016-12-15,17:06:36,2537,91205,5657,5000,315,11111
10101,2016-12-15,17:07:41,2537,91211,5657,0,315,11111
10101,2016-12-15,17:08:46,2537,91205,4699,0,315,11111
10101,2016-12-15,17:09:52,2537,91200,4685,1600,1,11111
10101,2016-12-15,17:10:58,2537,91204,4648,0,2,11111
10101,2016-12-15,17:12:03,2537,91209,4685,0,1,11111
10101,2016-12-15,17:13:09,2537,91207,4658,0,1,11111
10101,2016-12-15,17:14:14,2537,91211,4648,0,1,11111
10101,2016-12-15,17:15:19,2537,91210,4652,0,1,11111
10101,2016-12-15,17:16:25,2537,91201,4695,0,1,11111
10101,2016-12-15,17:17:31,2537,91197,4628,0,1,11111
10101,2016-12-15,17:18:37,2537,91192,4618,0,1,11111
10101,2017-04-10,17:18:37,2537,91192,4618,0,1,11111
10101,2017-04-10,15:18:37,2837,91192,4718,0,1,11111
10101,2017-04-11,15:18:37,2837,93192,4718,0,1,11111
10101,2017-04-11,14:18:37,2837,93192,4718,0,1,11111
10101,2017-04-12,15:18:37,2237,93192,4418,0,1,11111
10101,2017-04-12,16:18:37,2237,93192,4418,0,1,11111
10101,2017-04-13,17:18:37,2237,93192,4418,0,1,11111
10101,2017-04-13,13:18:37,2237,93192,4418,0,1,11111
10101,2017-04-14,14:18:37,2237,93192,4418,0,1,11111
10101,2017-04-14,18:18:37,2237,93192,4418,0,1,11111
10101,2017-04-15,18:18:37,2237,93192,4418,0,1,11111
10101,2017-04-15,18:18:00,2237,93192,4418,0,1,11111
10101,2017-04-16,13:18:00,2037,93192,4018,0,1,11111
10101,2017-04-16,14:18:00,2037,93192,4018,0,1,11111
10101,2017-05-20,14:18:00,2637,91192,4418,0,1,11111
10101,2017-05-20,15:18:00,2637,91192,4418,0,1,11111
10101,2017-05-21,15:18:00,2637,91192,4418,0,1,11111
10101,2017-05-21,16:18:00,2637,91192,4418,0,1,11111
10101,2017-05-22,16:18:00,2737,91192,4518,0,1,11111
10101,2017-05-23,16:18:00,2637,90192,4418,0,1,11111
10101,2017-05-23,15:18:00,2637,90192,4418,0,1,11111
10101,2017-05-24,15:18:00,2630,89192,4318,0,1,11111
10101,2017-05-24,15:20:00,2630,89192,4318,0,1,11111
10101,2017-05-25,15:20:00,2530,89192,4218,0,1,11111
10101,2017-05-25,16:20:00,2570,89192,4218,0,1,11111
10101,2017-05-26,16:20:00,2870,89192,4018,0,1,11111
10101,2017-05-26,16:00:00,2870,89192,4018,0,1,11111
10101,2017-05-27,16:00:00,2770,88192,4000,0,1,11111
10101,2017-05-27,16:30:00,2770,88192,4000,0,1,11111
10101,2017-05-28,16:30:00,2780,88492,4100,0,1,11111
10101,2017-05-29,17:30:00,2680,88492,4100,0,1,11111
10101,2017-05-29,18:30:00,2670,88490,4120,0,1,11111
10101,2017-05-30,14:30:00,2670,88490,4120,0,1,11111
10101,2017-05-30,15:30:00,2690,88500,4200,0,1,11111
10101,2017-05-31,15:30:00,2670,88500,4280,0,1,11111
10101,2017-05-31,16:00:00,2650,88300,4250,0,1,11111
10101,2017-06-01,16:00:00,2630,88000,4220,0,1,11111
10101,2017-06-01,16:50:00,2600,87800,4200,0,1,11111
10101,2017-06-02,16:50:00,2600,87800,4200,0,1,11111
10101,2017-06-03,15:00:00,2560,87500,4180,0,1,11111
10101,2017-06-03,16:00:00,2520,87500,4120,0,1,11111
10101,2017-06-03,17:00:00,2570,87500,4100,0,1,11111
10101,2017-06-03,17:10:00,2570,87500,4100,0,1,11111
10101,2017-01-28,11:28:29,2747,599105,5657,0,1,11111
10101,2017-06-05,12:28:29,3247,586105,5777,0,1,11111
10101,2017-06-05,12:20:29,3247,586105,5777,0,1,11111
10101,2017-06-05,04:30:29,3247,586105,5777,0,1,11111
10101,2017-06-06,11:38:29,2747,599105,5657,0,1,11111
10101,2017-06-06,11:40:29,2747,599105,5657,0,1,11111
10101,2017-06-13,05:30:29,3247,586105,5777,0,1,11111
10101,2017-06-14,05:45:29,3247,586105,5777,0,1,11111
10101,2017-06-28,18:28:29,2747,,5657,0,1,11111
10101,2017-06-28,18:59:30,2747,,5657,0,1,11111
10101,2017-06-28,11:00:16,2,1,4,0,11.1,0
10101,2017-06-29,11:00:16,2,1,4,0,11.1,0
10101,2017-06-29,11:00:16,2,1,4,0,11.1,0
10101,2017-06-29,11:00:16,2,1,4,0,11.1,0
10101,2017-06-29,11:00:16,2,1,4,0,11.1,0
10101,2017-06-29,11:00:16,2,1,4,0,11.1,0
10101,2017-06-29,11:00:16,2,1,4,0,11.1,0
10101,2017-06-29,11:00:16,2,1,4,0,11.1,0
10101,2017-06-29,11:00:16,2,1,4,0,11.1,0
10101,2017-06-29,11:00:18,2,1,4,0,11.1,0
10101,2017-06-29,11:00:30,2,1,4,0,11.1,0
10101,2017-01-28,11:28:29,2747,,5657,0,1,11111
10101,2017-01-28,11:28:29,2747,,5657,0,1,11111
10101,2017-01-28,11:28:29,2747,,5657,0,1,11111
10101,2017-06-28,11:28:29,2747,,5657,0,1,11111
10101,2017-06-28,11:28:30,2747,,5657,0,1,11111
10101,2017-06-08,11:00:16,2,1,4,0,11.1,0
10101,2017-06-08,11:00:16,2,1,4,0,11.1,0
10101,2017-06-08,11:29:16,2,1,4,0,11.1,0
10101,2017-01-28,11:28:29,2747,,5657,0,1,11111
10101,2017-01-28,11:28:29,2747,,5657,0,1,11111
10101,2017-03-28,11:28:29,2747,,5657,0,1,11111
10101,2017-05-28,11:28:49,2747,67878,5657,0,1,11111
10101,2017-05-28,11:28:50,2747,67878,5657,0,1,11111
10101,2017-06-08,11:00:13,2,1,4,0,11.1,0
10101,2017-01-28,11:28:29,2747,599105,5657,0,1,11111
10101,2017-01-28,11:28:29,2747,599105,5657,0,1,11111
10101,2017-06-30,11:0:16,2,1,4,0,11.1,0
10101,2017-06-30,11:00:18,42,599109,65,11,1.1,6
10101,2017-06-30,11:00:19,42,599109,65,11,1.1,6
10101,2017-06-30,11:00:20,42,599109,65.06,11,1.1,6
10101,2017-06-30,11:00:22,4245,599109,6506,1100,1.1,6
10101,2017-06-30,11:00:25,60,599109,70,40,50,80
10101,2017-06-30,11:00:30,6040,599109,70,40,50.5,80
10101,2017-06-30,15:50:49,2747,67878,5657,0,1,11111
10101,2017-06-30,15:51:49,2747,67878,5657,0,1,11111
10101,2017-06-30,14:13:04,2417,564105,5657,0,1,11111
10101,2017-06-30,17:30:16,267,599109,5756,50.24,86.23,0
10101,2017-07-02,15:58:12,2573,599105,3434,9000,208,1.4
10101,2017-07-03,10:46:06,2933,599105,3434,34.37,208,0.4
10101,2017-07-12,15:37:46,2747,599105,3039,1010,1,0.8
10101,2017-07-27,10:46:06,2666,1111,2345,1230,11111,1.8
10101,2017-08-01,10:55:40,2747,599105,5657,0,1,11111
10101,2017-08-01,11:12:13,2747,599105,5657,0,1,11111
10101,2017-08-01,11:12:18,2747,599105,5657,0,1,11111
10101,2017-08-01,11:12:31,2747,599105,5657,0,1,11111
10101,2017-08-01,11:12:36,2747,599105,5657,0,1,11111
10101,2017-08-01,11:17:57,2747,599105,5657,0,1,11111
10101,2017-08-01,11:18:02,2747,599105,5657,0,1,11111
10101,2017-08-01,11:18:07,2747,599105,5657,0,1,11111
10101,2017-08-02,11:55:18,2747,599105,5657,0,1,11111
10101,2017-08-02,11:58:29,2747,599105,5657,0,1,11111
10101,2017-08-02,11:58:29,2747,599105,5657,0,1,11111
10101,2017-08-02,12:01:52,2747,599105,5657,0,1,11111
10101,2017-08-02,12:01:52,2747,599105,5657,0,1,11111
10101,2017-08-02,12:01:54,2747,599105,5657,0,1,11111
10101,2017-08-02,12:01:54,2747,599105,5657,0,1,11111
10101,2017-08-02,12:01:56,2747,599105,5657,0,1,11111
10101,2017-08-02,12:01:56,2747,599105,5657,0,1,11111
10101,2017-08-02,12:25:57,2747,599105,5657,0,1,11111
10101,2017-08-02,12:25:59,2747,599105,5657,0,1,11111
10101,2017-08-02,12:26:06,2747,599105,5657,0,1,11111
10101,2017-08-02,12:26:09,2747,599105,5657,0,1,11111
10101,2017-08-02,17:34:32,2747,599105,5657,0,1,11111
10101,2017-08-02,17:34:33,2747,599105,5657,0,1,11111
10101,2017-08-02,17:34:35,2747,599105,5657,0,1,11111
10101,2017-08-02,17:34:35,2747,599105,5657,0,1,11111
10101,2017-08-02,17:38:07,2747,599105,5657,0,1,11111
10101,2017-08-02,17:38:07,2747,599105,5657,0,1,11111
10101,2017-08-02,17:38:09,2747,599105,5657,0,1,11111
10101,2017-08-02,17:38:09,2747,599105,5657,0,1,11111
10101,2017-08-02,17:40:28,2747,599105,5657,0,1,11111
10101,2017-08-02,17:40:28,2747,599105,5657,0,1,11111
10101,2017-08-02,17:40:30,2747,599105,5657,0,1,11111
10101,2017-08-02,17:40:30,2747,599105,5657,0,1,11111
10101,2017-08-02,17:41:35,2747,599105,5657,0,1,11111
10101,2017-08-02,17:41:35,2747,599105,5657,0,1,11111
10101,2017-08-02,17:43:48,2747,599105,5657,0,1,11111
10101,2017-08-02,17:43:48,2747,599105,5657,0,1,11111
10101,2017-08-02,17:45:03,2747,599105,5657,0,1,11111
10101,2017-08-02,17:45:03,2747,599105,5657,0,1,11111
10101,2017-08-02,17:45:05,2747,599105,5657,0,1,11111
10101,2017-08-02,17:45:05,2747,599105,5657,0,1,11111
10101,2017-08-02,17:45:43,2747,599105,5657,0,1,11111
10101,2017-08-02,17:45:43,2747,599105,5657,0,1,11111
10101,2017-08-02,17:45:45,2747,599105,5657,0,1,11111
10101,2017-08-02,17:45:45,2747,599105,5657,0,1,11111
10101,2017-08-02,17:49:56,2747,599105,5657,0,1,11111
10101,2017-08-02,17:49:56,2747,599105,5657,0,1,11111
10101,2017-08-02,17:49:58,2747,599105,1212,0,1,1.2
